Player,Match,Balls Faced,Wickets,Runs,Balls Bowled,Maiden Overs,Fours,Sixes
V Kohli (INDIA),75,70,20,2633,1907,2,247,71
RG Sharma (INDIA),104,96,14,2633,1905,6,234,120
MJ Guptill (NZ),83,80,7,2436,1810,2,215,113
Shoaib Malik (ICC/PAK),111,104,30,2263,1824,1,186,61
BB McCullum (NZ),71,70,10,2140,1571,3,199,91
DA Warner (AUS),76,76,8,2079,1476,5,203,86
EJG Morgan (ENG),86,84,17,2002,1475,3,151,96
Mohammad Shahzad (AFG),65,65,3,1936,1436,3,218,72
JP Duminy (SA),81,75,25,1934,1532,6,138,71
PR Stirling (IRE),72,71,6,1929,1401,8,233,59
Mohammad Hafeez (PAK),89,86,8,1908,1643,6,196,51
TM Dilshan (SL),80,79,12,1889,1567,10,223,33
AJ Finch (AUS),58,58,9,1878,1200,4,182,90
LRPL Taylor (NZ),95,87,19,1743,1430,5,110,65
Umar Akmal (PAK),84,79,14,1690,1377,10,122,55
AB de Villiers (SA),78,75,11,1672,1237,5,140,60
H Masakadza (ZIM),66,66,2,1662,1418,1,151,65
AD Hales (ENG),60,60,7,1644,1203,4,175,55
CH Gayle (WI),58,54,4,1627,1139,3,138,105
MS Dhoni (INDIA),98,85,42,1617,1282,1,116,52
Tamim Iqbal (BDESH/ICC/World),75,75,5,1613,1383,6,174,41
MN Samuels (WI),67,65,10,1611,1386,0,144,69
SK Raina (INDIA),78,66,11,1605,1190,3,145,58
GJ Maxwell (AUS),61,54,9,1576,985,1,133,81
Shakib Al Hasan (BDESH),76,76,10,1567,1266,5,163,33
C Munro (NZ),60,57,7,1546,966,5,114,100
KS Williamson (NZ),57,55,7,1505,1236,2,158,26
S Dhawan (INDIA),58,57,3,1504,1173,1,166,46
KJ O'Brien (IRE),90,83,10,1504,1124,10,117,69
DPMD Jayawardene (SL),55,55,8,1493,1121,4,173,33
Ahmed Shehzad (PAK),59,59,2,1471,1282,2,157,33
SR Watson (AUS),58,56,6,1462,1006,3,115,83
Mahmudullah (BDESH),83,76,16,1430,1166,2,113,48
Shahid Afridi (ICC/PAK),99,91,12,1416,944,8,103,73
Babar Azam (PAK),36,36,8,1405,1102,0,139,20
KJ Coetzer (SCOT),58,56,2,1386,1136,3,144,45
KC Sangakkara (SL),56,53,9,1382,1156,2,139,20
F du Plessis (SA/World),44,44,6,1363,1006,0,126,45
Mohammad Nabi (AFG),75,70,11,1316,902,4,83,78
DA Miller (SA/World),72,62,18,1309,935,0,91,57
HM Amla (SA/World),44,44,6,1277,967,2,146,26
Mushfiqur Rahim (BDESH),84,76,13,1265,1060,5,110,31
JC Buttler (ENG),66,58,11,1260,912,3,102,53
RD Berrington (SCOT),61,54,10,1247,967,6,117,36
GC Wilson (IRE),78,65,8,1239,1185,4,105,20
Yuvraj Singh (INDIA),58,51,9,1177,863,1,77,74
KP Pietersen (ENG),37,36,5,1176,831,1,119,32
MDKJ Perera (SL),42,42,0,1171,867,0,114,41
NLTC Perera (ICC/SL/World),79,70,21,1169,767,8,87,62
Asghar Afghan (AFG),66,60,4,1167,1102,4,69,58
DJ Bravo (WI),66,59,12,1142,981,4,67,49
KL Rahul (INDIA),34,31,5,1138,777,1,102,50
BN Cooper (NL),51,48,9,1094,890,5,96,36
WTS Porterfield (IRE),61,59,6,1079,971,5,120,23
KA Pollard (WI),68,58,12,1058,819,1,69,61
AD Mathews (SL),72,57,18,1055,893,1,67,35
CS MacLeod (SCOT),49,47,7,1042,905,4,93,21
Q de Kock (SA),38,38,5,1018,787,3,117,32
LMP Simmons (WI),49,48,7,990,848,6,92,37
Kamran Akmal (PAK),58,53,6,987,825,7,100,31
HG Munsey (SCOT),38,36,3,987,640,4,114,45
Samiullah Shinwari (AFG),62,55,10,985,829,2,73,37
CL White (AUS),47,44,14,984,740,3,71,44
GC Smith (SA),33,33,2,982,770,1,123,26
Shaiman Anwar (UAE),32,32,3,971,770,1,75,43
Sabbir Rahman (BDESH),44,43,5,946,783,2,89,28
G Gambhir (INDIA),37,36,2,932,783,2,109,10
Najibullah Zadran (AFG),57,48,18,918,663,1,60,48
JE Root (ENG),32,30,5,893,707,2,92,16
MP O'Dowd (NL),36,35,2,866,718,0,83,19
E Chigumbura (ZIM),54,53,9,852,597,6,58,51
E Lewis (WI),29,28,1,833,544,3,54,67
SC Williams (ZIM),38,38,5,821,630,4,75,24
BRM Taylor (ZIM),38,38,5,818,678,5,81,23
Sarfaraz Ahmed (PAK),58,41,12,812,641,2,79,15
LD Chandimal (SL),54,47,4,800,766,0,73,16
W Barresi (NL),42,41,6,799,695,3,69,21
Soumya Sarkar (BDESH),46,46,0,791,648,8,81,28
A Balbirnie (IRE),37,33,2,790,593,3,94,12
Misbah-ul-Haq (PAK),39,34,13,788,715,2,45,26
P Khadka (NEPAL),30,29,3,777,602,3,79,26
ADS Fletcher (WI),42,40,4,765,707,6,54,37
LJ Wright (ENG),51,45,5,759,554,9,68,31
Fakhar Zaman (PAK),34,33,0,756,553,2,86,22
DJ Hussey (AUS),39,36,3,756,623,4,41,34
MH Cross (SCOT),43,35,6,755,593,3,77,22
JJ Roy (ENG),32,32,0,743,512,4,75,35
SJ Myburgh (NL),33,32,2,741,635,6,82,22
J Charles (WI),34,33,0,724,595,4,84,26
MEK Hussey (AUS),38,30,11,721,529,1,58,25
RS Bopara (ENG),38,35,10,711,599,0,54,17
CK Kapugedera (SL),43,38,7,703,591,0,58,25
Muhammad Usman (UAE),34,32,5,695,593,3,61,21
CO Obuya (KENYA),35,33,6,691,649,3,47,17
TP Ura (PNG),23,23,5,671,476,0,54,31
JH Kallis (SA),25,23,4,666,558,0,56,20
PW Borren (NL),43,38,5,638,524,2,60,18
D Ramdin (WI),71,50,16,636,551,3,51,19
ST Jayasuriya (SL),31,30,3,629,487,4,76,23
CJ Chibhabha (ZIM),33,32,0,621,570,3,72,12
MR Swart (NL),26,25,2,621,537,1,53,16
MN Waller (ZIM),32,31,8,613,443,2,42,28
Rohan Mustafa (UAE),38,37,1,605,521,4,71,17
JM Bairstow (ENG),34,29,6,603,450,2,56,25
Jatinder Singh (OMAN),25,25,2,599,535,1,63,6
Salman Butt (PAK),24,23,2,595,551,1,66,10
RR Hendricks (SA),22,22,0,593,487,2,71,8
DJM Short (AUS),20,20,2,592,490,1,66,15
MK Pandey (INDIA),32,27,12,587,478,2,40,16
DJG Sammy (WI/World),68,52,18,587,398,3,45,31
PD Collingwood (ENG/World),36,33,2,583,459,3,37,24
DR Smith (WI),33,32,0,582,474,1,62,31
SB Styris (NZ),31,29,2,578,483,0,40,25
SPD Smith (AUS),36,28,7,577,448,1,53,12
Nizakat Khan (HKG),34,32,0,576,478,4,51,19
JA Morkel (SA),50,38,11,572,402,1,29,39
MJ Lumb (ENG),27,27,1,552,413,1,64,21
Zeeshan Maqsood (OMAN),29,25,4,542,481,2,66,12
Babar Hayat (HKG),24,24,4,541,433,2,45,20
Karim Sadiq (AFG),36,36,0,538,493,4,61,10
RN ten Doeschate (NL),22,22,10,533,400,1,27,19
C Kieswetter (ENG),25,25,1,526,470,2,47,23
RR Patel (KENYA),30,26,4,526,414,1,31,31
Hazratullah Zazai (AFG),13,13,1,519,319,1,46,37
F Behardien (SA),38,30,14,518,404,1,37,16
V Sibanda (ZIM),26,26,1,511,503,3,52,11
Noor Ali Zadran (AFG),20,20,1,506,497,1,45,6
Nawroz Mangal (AFG),32,32,4,505,453,4,42,19
Imran Nazir (PAK),25,24,1,500,370,2,59,22
Liton Das (BDESH),25,25,0,497,360,2,44,22
Shafiqullah (AFG),46,42,12,494,340,5,35,31
MJ Clarke (AUS),34,28,5,488,473,2,29,10
CJ Anderson (NZ),31,24,4,485,351,3,30,26
G Malla (NEPAL),24,23,0,482,389,1,46,21
C de Grandhomme (NZ),33,31,7,479,321,3,27,29
TP Visee (NL),27,27,0,478,316,4,65,17
MS Chapman (HKG/NZ),24,23,2,475,416,0,38,13
JDP Oram (NZ),36,30,7,474,339,3,38,22
GJ Bailey (AUS/World),30,26,7,473,346,1,37,20
BKG Mendis (SL),24,24,0,473,353,2,40,21
Gulbadin Naib (AFG),45,37,10,472,393,3,33,22
NJ O'Brien (IRE),30,28,2,466,475,0,40,7
AD Russell (WI),47,39,13,465,329,6,30,32
PM Seelaar (NL),69,40,11,464,423,1,31,8
JEC Franklin (NZ),38,31,8,463,391,2,28,23
CR Ervine (ZIM),22,21,1,461,454,1,43,13
A Vala (PNG),26,24,4,460,427,0,39,13
DJ Malan (ENG),9,9,1,458,293,0,47,20
JD Ryder (NZ),22,21,1,457,358,2,47,18
RE van der Merwe (NL/SA),43,29,12,454,345,4,36,13
Khawar Ali (OMAN),29,28,0,453,482,2,48,12
MD Gunathilaka (SL),21,21,0,452,365,0,49,12
Mohammad Ashraful (BDESH),23,23,0,450,356,2,48,11
Rameez Shahzad (UAE),22,21,3,449,404,2,37,13
Usman Ghani (AFG),19,19,1,445,407,0,44,12
Younis Khan (PAK),25,23,3,442,364,2,31,12
NR Kumar (CAN),18,16,2,434,336,1,34,13
MD Shanaka (SL),35,35,7,434,386,7,29,24
N Dickwella (SL),23,22,0,429,309,2,57,8
Muhammad Tanveer (QAT),15,15,4,428,331,0,36,22
PL Mommsen (SCOT),24,19,7,419,329,1,32,11
Syed Aziz (MAL),14,14,2,415,297,2,43,16
RR Pant (INDIA),26,24,4,409,336,3,28,18
Aqib Ilyas (OMAN),22,22,4,408,356,1,47,7
TH David (SGP),12,12,1,408,274,0,36,17
MG Erasmus (NAM),16,14,3,407,293,0,33,20
MW Machan (SCOT),13,13,3,407,318,0,37,7
WU Tharanga (SL),26,26,1,407,330,3,42,12
Sikandar Raza (ZIM),32,30,0,406,384,0,34,8
EC Joyce (ENG/IRE),18,15,3,405,431,0,30,5
TLW Cooper (NL),18,17,3,404,306,2,38,16
BJ Haddin (AUS),34,29,6,402,351,2,30,13
RT Ponting (AUS),17,16,2,401,302,2,41,11
HH Gibbs (SA),23,23,1,400,318,4,45,12
KD Karthik (ICC/INDIA),32,26,14,399,278,2,42,15
V Sehwag (INDIA),19,18,0,394,271,1,43,16
Abdul Razzaq (PAK),32,29,10,393,337,2,21,21
Rizwan Cheema (CAN),24,24,2,389,314,5,33,28
SJ Baard (NAM),13,13,2,387,305,1,32,13
AA Obanda (KENYA),30,28,2,381,362,5,49,7
CJA Amini (PNG),23,18,4,377,324,2,16,13
Mashrafe Mortaza (BDESH),54,39,11,377,277,6,28,23
AM Rahane (INDIA),20,20,2,375,331,2,32,6
J Rasu (VAN),13,13,0,374,338,0,27,16
Hussain Talat (PAK),14,14,1,371,309,1,35,5
Nasir Hossain (BDESH),31,24,4,370,326,2,30,7
JW Jenner (JER),17,17,2,365,299,2,24,14
PJ Moor (ZIM),21,19,4,364,286,0,22,24
Nasir Jamshed (PAK),18,18,1,363,320,1,34,12
NS Dhaliwal (CAN),12,11,2,361,291,0,22,16
Sharjeel Khan (PAK),15,15,0,360,262,0,48,13
L Ronchi (AUS/ICC/NZ),33,26,6,359,256,5,30,14
R Sandaruwan (KUW),10,10,1,358,216,2,29,24
S Bau (PNG),23,17,3,356,338,1,21,11
Anamul Haque (BDESH),13,13,2,355,301,1,38,12
KD Shah (HKG),26,22,3,351,340,3,26,10
SW Billings (ENG/ICC),26,23,3,348,255,1,33,11
S Chandramohan (SGP),12,12,1,348,292,3,33,15
OA Shah (ENG),17,15,1,347,284,0,26,13
SO Tikolo (KENYA),15,15,3,345,281,3,46,6
S Chanderpaul (WI),22,22,5,343,347,0,34,5
DM Bravo (WI),20,18,1,340,317,3,28,13
JM Vince (ENG),12,12,0,340,275,0,34,9
A Symonds (AUS),14,11,4,337,199,2,33,10
N Davin (NAM),16,16,1,335,216,1,33,15
SA Edwards (NL),29,22,8,334,229,1,33,6
Asif Ali (PAK),25,24,6,331,258,1,15,19
Faisal Javed (QAT),15,15,0,330,212,1,45,11
SR Thompson (IRE),41,30,8,328,254,1,23,14
RJ Nicol (NZ),21,19,0,327,296,2,33,11
RR Rossouw (SA),15,14,3,327,237,2,29,12
Aamir Kaleem (OMAN),25,22,4,325,306,4,26,9
LE Bosman (SA),14,14,1,323,219,2,27,20
Anshuman Rath (HKG),20,19,2,321,344,1,31,2
N Vanua (PNG),25,22,8,321,211,4,12,23
TM Head (AUS),16,15,3,319,245,0,19,10
TL Seifert (NZ),19,18,1,316,228,2,22,21
BDH Stevens (JER),17,17,1,316,315,1,30,6
GJ Delany (IRE),17,15,3,314,206,0,28,12
N Nipiko (VAN),14,14,2,312,297,1,16,13
N Pooran (WI),16,16,3,312,247,1,24,17
R Powell (WI),23,18,3,311,250,1,26,13
Virandeep Singh (MAL),12,12,0,311,309,1,27,7
CR Brathwaite (WI),41,27,6,310,274,3,13,22
HH Pandya (INDIA),40,25,6,310,210,2,18,19
S Vesawkar (NEPAL),17,16,3,310,313,0,25,7
ML Hayden (AUS),9,9,3,308,214,0,37,13
NJ Ferraby (JER),14,14,1,303,257,2,38,2
Tamoor Sajjad (QAT),12,11,2,301,216,1,24,14
NL McCullum (NZ),63,41,15,299,297,4,19,8
RR Sarwan (WI),18,16,3,298,286,1,19,6
L Siaka (PNG),26,22,2,296,271,4,26,7
Kamran Khan (QAT),14,14,1,295,220,0,26,17
R Mutumbami (ZIM),22,19,4,294,251,1,19,15
B Bhandari (NEPAL),27,23,6,292,262,1,23,12
CA Lynn (AUS),18,16,1,291,221,1,28,14
HDRL Thirimanne (SL),26,20,2,291,267,1,27,5
AN Kervezee (NL),10,10,1,289,262,0,19,6
DS Airee (NEPAL),18,16,2,287,260,0,22,6
IA Karim (KENYA),16,16,3,286,299,2,30,2
A Bagai (CAN),9,9,2,284,249,0,27,0
Mohammad Shahzad (UAE),20,20,2,281,239,2,25,11
TC Bruce (NZ),15,15,2,279,222,0,24,7
SO Hetmyer (WI),20,18,1,279,223,2,19,17
TAM Siriwardana (SL),22,19,3,275,208,4,16,12
AC Gilchrist (AUS),13,13,1,272,192,0,27,13
Amjad Javed (UAE),22,18,3,271,242,1,17,15
MV Boucher (SA),25,21,6,268,275,0,22,2
Ravinderpal Singh (CAN),12,10,2,266,177,1,13,19
PK Matautaava (VAN),10,10,0,265,156,2,19,20
SR Taylor (USA),8,8,1,265,207,1,28,10
MJ Santner (NZ),39,27,10,263,205,3,22,7
Imad Wasim (PAK),41,29,9,261,180,6,28,7
DMW Rawlins (BMUDA),11,11,0,261,201,1,23,15
Adnan Idrees (KUW),6,6,0,259,157,0,35,9
T Taibu (ZIM),17,15,6,259,257,2,19,2
Adnan Ilyas (OMAN),12,11,0,258,218,0,16,8
Najeeb Tarakai (AFG),12,12,0,258,210,1,21,13
DM de Silva (SL),13,13,0,257,252,0,18,4
Manpreet Singh (SGP),12,12,1,255,222,0,15,5
SE Marsh (AUS),15,15,1,255,248,2,15,10
RP Burl (ZIM),16,13,3,254,221,0,16,10
HE van der Dussen (SA),9,8,0,254,192,1,14,12
Waqas Barkat (HKG),22,20,2,254,286,2,20,0
SF Mire (ZIM),9,8,0,253,196,0,23,13
GH Dockrell (IRE),73,33,14,251,207,4,14,7
DT Johnston (IRE),30,19,7,249,184,1,13,11
RV Uthappa (INDIA),13,12,2,249,211,1,26,6
CG Williams (NAM),13,12,3,249,210,1,15,10
JP Kotze (NAM),12,12,1,245,193,1,21,13
Mohamed Rishwan (Mald),11,10,0,245,245,0,22,10
CN Ackermann (NL),11,11,3,243,196,0,18,5
Muhammad Kashif (KUW),10,9,4,242,215,0,14,13
UT Khawaja (AUS),9,9,0,241,182,0,31,5
MA Leask (SCOT),31,22,2,240,199,2,16,12
SW Poynter (IRE),25,21,6,240,213,0,22,6
Aizaz Khan (HKG),30,27,7,239,234,4,19,4
MS Wade (AUS),26,17,5,239,218,0,11,9
Ashfaq Ahmed (UAE),12,12,0,238,185,2,32,6
SD Hope (WI),13,11,0,238,175,1,24,10
J Mubarak (SL),16,15,4,238,188,2,21,8
Khalid Latif (PAK),13,13,2,237,229,1,25,6
RE Levi (SA),13,13,2,236,167,3,20,15
YK Pathan (INDIA),22,18,5,236,161,3,11,17
MM Ali (ENG),25,22,6,235,198,6,21,9
F Damiao Couana (Moz),7,7,1,233,179,0,16,14
ES Szwarczynski (NL),14,12,1,233,243,0,22,2
HT Tector (IRE),14,12,3,233,176,0,20,5
BA Stokes (ENG),23,20,5,232,178,1,20,9
H Gori (CZK-R),7,7,0,231,176,0,23,12
JF Mooney (IRE),27,23,9,231,214,0,25,1
AR Cusack (IRE),37,21,6,229,177,1,17,6
Mohammed Rizlan (QAT),15,12,5,229,218,0,14,10
Aftab Ahmed (BDESH),11,11,1,228,178,0,26,6
T Mishra (KENYA),15,15,0,227,263,2,15,4
Rahmanullah Gurbaz (AFG),7,7,0,227,164,2,19,13
C Bisson (JER),14,14,2,226,177,3,24,5
SS Iyer (INDIA),14,13,3,226,178,1,18,9
I Udana (SL),27,19,9,226,152,2,15,13
DAS Gunaratne (SL),12,12,3,225,178,2,19,6
Inam-ul-Haq (QAT),11,11,2,225,205,1,28,2
GSNFG Jayasuriya (SL),16,14,0,225,203,0,17,8
Shafiq Sharif (MAL),10,10,0,225,171,2,32,5
MN van Wyk (SA),8,7,1,225,157,0,19,14
CAK Walton (WI),19,17,0,225,203,5,23,11
DG Blampied (JER),17,15,6,221,222,1,14,0
Sohaib Maqsood (PAK),20,18,2,221,201,2,15,8
H Patel (CAN),11,11,1,220,218,2,19,2
TG Southee (NZ),66,30,12,220,150,4,14,15
AD Poynter (IRE),19,14,3,219,184,1,21,8
Tanwir Afzal (HKG),21,18,2,219,173,4,9,15
TT Bresnan (ENG),34,22,9,216,170,3,16,6
CJ Jordan (ENG),43,25,11,216,166,2,16,11
DO Obuya (KENYA),10,10,2,216,228,1,22,4
MJG Rippon (NL),18,11,4,216,192,2,15,3
KMDN Kulasekara (SL),58,30,9,215,184,4,14,7
EMDY Munaweera (SL),13,13,1,215,164,1,25,7
B Ward (JER),13,12,3,215,160,1,8,15
S Prasanna (SL),20,20,6,214,161,0,13,13
S Wickramasekara (CZK-R),5,5,2,214,104,0,17,19
RG Aga (KENYA),20,18,2,213,196,0,15,5
Haroon Arshad (HKG),10,10,3,211,154,0,15,7
Haris Sohail (PAK),14,13,2,210,204,1,16,3
CA Ingram (SA),9,9,1,210,162,1,23,7
Khurram Nawaz (OMAN),18,13,3,210,179,0,11,10
Bilal Zalmai (Aut),5,4,1,208,109,0,16,16
Ghulam Shabber (UAE),17,14,3,208,182,0,24,4
BBJL Perera (ITA),8,7,1,208,144,0,23,8
BMAJ Mendis (SL),22,15,4,207,174,1,18,6
JJ Smit (NAM),12,10,2,206,128,0,10,14
DL Vettori (NZ),34,22,6,205,190,3,14,2
JM Kemp (SA),8,7,3,203,160,0,17,10
DS Smith (WI),6,6,0,203,161,0,22,5
Ahmed Faiz (MAL),10,10,1,202,179,0,14,6
JJ Atkinson (HKG),13,12,0,202,187,3,22,6
R Gunasekera (CAN),8,8,0,202,188,0,23,4
J Botha (SA),40,20,9,201,165,1,15,9
J Butler (GUE),9,8,1,201,214,0,20,1
KS Leverock (BMUDA),12,12,2,201,165,3,16,11
DM Gondaria (KENYA),11,9,2,199,157,0,12,6
R Panchal (ESP),9,8,3,199,185,0,9,7
Sompal Kami (NEPAL),28,19,6,198,176,1,15,7
Sohail Tanvir (PAK),57,25,8,196,164,2,16,9
Yasir Ali (ESP),9,9,3,196,183,1,11,9
Aarif Sheikh (NEPAL),11,10,2,194,181,0,18,4
Fawad Alam (PAK),24,17,6,194,169,1,7,7
Asad Shafiq (PAK),10,10,0,192,185,0,19,2
S Davizi (CZK-R),2,2,0,192,133,0,14,10
Mukhtar Ahmed (PAK),6,6,0,192,134,0,23,5
R Rohan (SGP),10,10,0,191,156,1,23,6
Ahmed Hassan (Mald),11,10,0,189,192,0,18,2
SR Patel (ENG),18,14,2,189,173,2,17,5
IR Bell (ENG),8,8,1,188,163,0,23,2
CD McMillan (NZ),8,7,1,187,117,0,8,14
SP Patil (UAE),18,13,0,187,218,3,16,4
JDS Neesham (NZ),18,15,4,185,131,1,19,8
Umar Adam (Mald),11,10,1,185,149,1,19,6
BJ Hodge (AUS),15,11,4,183,144,0,9,7
XM Marshall (USA/WI),13,13,0,183,185,2,13,6
Mosaddek Hossain (BDESH),14,13,4,183,173,1,10,5
Mohammad Rizwan (PAK),16,13,2,180,184,1,14,2
C Tommy (VAN),12,11,0,180,191,2,6,8
CAJ Meschede (GER),5,5,1,179,115,1,9,14
Nazimuddin (BDESH),7,7,0,178,158,2,13,10
Kaleem Shah (Moz),7,7,1,176,170,1,21,4
Mohammad Naveed (UAE),31,24,10,176,147,3,17,8
MR Marsh (AUS),11,11,3,175,151,0,7,9
LPC Silva (SL),16,15,2,175,177,0,19,3
NN Odhiambo (KENYA),24,20,2,174,177,3,17,4
L Vincent (NZ),9,9,0,174,174,1,17,3
Karan KC (NEPAL),25,16,5,173,126,2,9,12
Nouman Sarwar (QAT),14,9,6,172,128,1,16,6
IK Pathan (INDIA),24,14,7,172,144,0,9,7
HAM Shah (DEN),9,8,0,172,168,0,18,2
GD Elliott (NZ/World),17,15,4,171,157,0,12,2
Simi Singh (IRE),18,17,2,169,144,5,12,6
M Vijay (INDIA),9,9,0,169,154,1,13,8
ME Trescothick (ENG),3,3,0,166,131,0,23,1
DJ Willey (ENG),28,19,7,166,126,1,8,10
Umar Gul (PAK),60,27,9,165,156,6,11,10
Tarun Sharma (Mex),8,8,1,164,160,1,12,6
TN de Grooth (NL),15,13,5,163,155,0,16,1
RA Jadeja (INDIA),46,22,8,163,165,2,7,4
TWM Latham (NZ),13,10,0,163,157,0,12,2
PD Hennessy (ESP),8,7,0,162,132,1,11,7
H Davids (SA),9,9,0,161,134,2,18,4
NMS Param (SGP),8,7,2,160,118,0,12,6
RW Chakabva (ZIM),12,12,1,159,134,4,12,7
JP Faulkner (AUS),24,18,7,159,138,0,7,5
MC Henriques (AUS),11,8,3,159,122,0,8,7
Junaid Siddique (BDESH),7,7,0,159,108,1,16,7
A Mansale (VAN),14,14,0,159,151,4,14,5
Mohamed Arief (MAL),5,5,1,159,114,0,18,4
RR Watson (SCOT),10,9,0,159,141,1,22,1
JL Ontong (SA),14,10,0,158,109,1,6,11
Mudassar Bukhari (NL),38,26,8,157,152,1,10,4
HL Carlyon (JER),9,8,0,156,131,1,21,3
H Klaasen (SA),9,9,2,156,107,0,8,11
SP Narine (WI),51,23,8,155,138,2,13,5
NA Greenwood (JER),8,8,0,154,128,1,15,2
MR Adair (IRE),17,14,4,152,118,1,8,7
NG Collins (Fin),5,5,0,151,164,0,10,0
HD Rutherford (NZ),8,7,0,151,105,1,12,9
NM Coulter-Nile (AUS),28,15,4,150,120,3,10,10
Iftikhar Ahmed (PAK),6,6,4,150,104,0,14,4
Rashid Khan (AFG/ICC),45,22,11,149,124,4,9,9
VB Chikkannaiah (GER),7,7,1,148,167,0,10,2
WIA Fernando (SL),10,10,0,148,156,1,9,3
O Bascome (BMUDA),11,11,0,147,147,1,12,8
CD Wallace (SCOT),19,14,6,146,122,1,14,2
Karim Janat (AFG),21,13,2,145,140,2,11,6
Wahab Riaz (PAK),31,17,6,145,118,2,10,6
M Klinger (AUS),3,3,0,143,112,0,12,2
Mohammad Naim (BDESH),3,3,0,143,107,0,17,3
Ehsan Khan (HKG),15,10,6,142,128,0,9,7
KMA Paul (WI),18,12,5,142,123,0,8,8
Umar Amin (PAK),14,9,0,142,123,3,15,4
Faran Afzal (ESP),9,8,1,141,140,0,11,6
Sarfaraz Ali (BAH),4,4,0,141,87,0,17,8
S Periyalwar (ROM),4,4,2,140,91,1,15,6
GD Phillips (NZ),11,10,1,140,140,0,9,5
S Pokhriyal (CZK-R),5,4,0,140,131,0,23,2
Riazat Ali Shah (UGA),4,4,2,140,108,0,8,8
AC Voges (AUS),7,5,2,139,114,0,8,2
AC Douglas (BMUDA),10,9,1,138,131,0,10,8
LB Ferbrache (GUE),9,8,0,138,142,0,6,3
IJL Trott (ENG),7,7,1,138,144,0,9,3
KD Mills (NZ),42,19,7,137,123,4,11,5
HH Patel (MWI),7,6,1,137,104,0,17,3
R Tari (VAN),14,14,5,137,117,2,6,5
DF Watts (SCOT),11,9,0,137,127,2,13,3
AR White (IRE),18,12,6,137,128,0,12,2
Yusuf Ebrahim (PNM),3,3,1,137,97,0,14,5
MP Stoinis (AUS),19,14,5,136,117,1,14,2
Faisal Khan (Saudi),4,4,1,134,56,1,13,10
N Pathan (THAI),4,4,1,134,106,0,8,7
Faheem Ashraf (PAK),27,18,6,133,110,4,7,8
CH Morris (SA),23,13,4,133,102,3,12,5
Awais Ahmed (ESP),9,4,2,131,101,0,6,6
GEF Barnett (CAN),5,5,1,131,136,0,16,0
PBB Rajapaksa (SL),5,5,1,131,95,0,7,9
AC Botha (IRE),14,11,1,130,141,2,12,1
DDP D'Silva (UAE),10,8,4,130,146,1,9,0
SS McKechnie (HKG),10,10,3,130,137,1,9,1
Naeem Islam (BDESH),10,10,1,130,114,0,8,7
CT Mutombodzi (ZIM),13,12,3,129,133,2,9,2
SL Malinga (SL),79,30,12,128,153,6,9,4
Mirwais Ashraf (AFG),25,19,8,128,115,2,5,8
HR Walsh (USA/WI),13,9,1,128,129,0,8,3
CK Coventry (ZIM),13,12,2,127,90,2,14,6
PG Fulton (NZ),12,12,1,127,140,2,7,6
MA Ouma (KENYA),22,19,1,127,160,3,15,1
MJ Prior (ENG),10,8,2,127,100,1,11,5
MWR Stokes (GUE),9,7,0,127,152,0,10,0
Najjam Shahzad (PORT),4,3,2,126,97,0,4,10
AJ Redmond (NZ),7,6,0,126,84,0,19,2
JT Smuts (SA),8,8,0,126,114,1,14,5
AT Carey (AUS),25,13,4,125,101,0,10,4
Amir Mangal (GER),9,9,3,124,78,0,10,8
Mohammed Asghar (KUW),4,4,0,124,91,0,13,5
S Muniandy (MAL),15,13,4,124,103,2,7,7
BA Pai (GIBR),4,4,0,124,141,0,6,1
RJ Peterson (SA),21,12,4,124,113,1,13,2
R Ashwin (INDIA),46,11,7,123,115,0,14,1
AD Mascarenhas (ENG),14,13,5,123,100,3,8,5
SM Sharif (SCOT),42,18,9,123,100,2,8,3
AW Hawkins-Kay (JER),16,13,5,122,136,1,8,0
KM Jadhav (INDIA),9,6,0,122,99,0,12,3
Muhamad Syahadat (MAL),10,9,3,122,102,0,9,6
CN Onwuzulike (NGA),9,9,1,122,126,2,5,5
Shadab Khan (PAK),38,14,5,122,96,2,6,6
DAJ Bracewell (NZ),18,10,5,121,83,2,6,9
KH Pandya (INDIA),18,9,4,121,92,0,8,6
DR Martyn (AUS),4,4,0,120,74,0,11,5
Imrul Kayes (BDESH),14,13,0,119,134,4,14,3
AA Onikoyi (NGA),9,8,0,119,144,1,8,4
SCJ Broad (ENG),56,26,10,118,118,2,7,3
Sajid Cheema (Saudi),5,5,0,118,97,0,12,5
JE Taylor (WI),30,15,6,118,92,1,10,6
Mehran Khan (OMAN),19,13,2,117,106,1,7,5
Mohammad Mithun (BDESH),14,10,0,117,125,2,9,4
Naseem Khushi (OMAN),10,8,2,117,77,2,6,8
H Singh (GER),7,6,3,117,102,0,6,3
Ziaur Rahman (BDESH),14,12,3,117,91,3,3,10
Aritra Dutta (SGP),8,8,0,116,114,0,8,5
Shahzaib Hasan (PAK),10,10,0,116,130,3,13,3
K Motlhanka (Botsw),7,7,0,115,123,0,11,2
Sami Sohail (MWI),7,5,4,115,97,0,10,2
K Dasan (),3,3,0,114,108,0,10,2
S Kaveri (Mex),7,6,1,114,146,0,9,1
WD Parnell (SA),40,13,9,114,96,0,10,3
Chirag Suri (UAE),7,7,1,113,121,0,10,2
DL Maddy (ENG),4,4,0,113,80,0,12,3
M Abdulla (MWI),5,5,2,112,100,0,11,2
Fiaz Ahmed (BAH),4,4,2,112,72,1,6,8
SP Khakurel (NEPAL),8,8,0,112,139,0,10,1
JS Malhotra (USA),6,6,0,112,104,0,12,2
Mohammad Boota (UAE),16,12,4,112,100,1,7,5
Mudassar Muhammad (GER),7,7,0,112,135,0,5,3
AP Devcich (NZ),4,4,0,111,79,0,17,2
JO Holder (WI),17,11,2,111,84,2,10,4
Imran Ali Butt (BAH),4,4,0,111,101,2,5,6
JNK Shannon (IRE),8,8,0,111,84,1,12,5
SP Fleming (NZ),5,5,0,110,85,0,20,0
A Lark (Aut),5,4,0,110,121,1,15,0
Anwar Ali (PAK),16,11,4,109,77,0,6,6
MG Johnson (AUS),30,17,7,109,95,2,8,3
T van der Gugten (NL),39,11,4,109,81,1,4,6
Harbhajan Singh (INDIA),28,13,5,108,87,1,11,4
Mohammad Saifuddin (BDESH),13,9,3,108,95,0,9,3
B Zuiderent (NL),6,6,1,108,124,0,8,1
OGL Bascome (BMUDA),11,11,1,107,117,0,12,3
SO Ngoche (KENYA),28,18,5,107,118,2,5,4
GJ Thompson (IRE),10,8,1,107,108,2,14,1
V Vijh (LUX),4,4,2,107,119,0,13,1
K Doriga (PNG),17,11,1,106,103,0,3,3
NA Maiolo (ITA),8,7,1,106,104,0,11,2
MD Dai (PNG),9,8,0,105,128,0,4,0
OJ Hairs (SCOT),8,8,1,105,64,2,4,10
JR Hopes (AUS),12,7,2,105,98,0,7,1
ND Laegsgaard (DEN),9,8,1,105,96,0,11,2
M Mosehle (SA),7,6,1,105,65,0,6,9
Meet Bhavsar (KUW),9,7,1,104,88,0,10,1
LA Dunbar (Serb),2,2,1,104,62,1,5,10
Sultan Ahmed (OMAN),17,12,3,104,83,3,14,0
GP Swann (ENG),39,16,11,104,89,2,9,1
SM Davies (ENG),5,5,0,102,82,0,12,0
Rehman Abdul (ITA),7,5,3,102,103,0,7,3
Suraj Kumar (OMAN),13,9,2,102,89,0,9,3
LJ Tucker (IRE),14,11,1,102,99,1,10,1
Ammad Uddin (BAH),4,4,1,101,53,0,11,5
MNR Cooray (Mald),4,3,1,101,77,0,12,3
S Jora (NEPAL),6,6,1,101,83,1,5,4
AV Lalcheta (OMAN),17,10,2,101,82,0,9,4
B Lee (AUS),25,12,6,101,71,2,9,4
Mohammed Nurji (MWI),6,5,3,101,59,0,8,6
T Perera (Botsw),6,6,0,101,127,0,16,0
V Shankar (INDIA),9,4,0,101,73,0,11,5
S Dhaniram (CAN),11,9,0,100,123,0,6,2
Hamza Tariq (CAN),15,11,1,100,82,2,4,5
T Maruma (ZIM),13,13,4,100,109,1,6,4
BS Stephenson (Blz),3,3,0,100,72,0,9,7
BR Dunk (AUS),5,5,0,99,69,0,8,6
BFW de Leede (NL),8,7,1,98,114,0,4,2
Irfan Bhima (MWI),4,4,0,98,88,2,13,2
Janak Prakash (SGP),12,11,3,98,78,2,9,3
BR McDermott (AUS),12,10,3,98,105,2,6,2
TK Musakanda (ZIM),6,6,0,98,80,2,7,2
Amir Ali (OMAN),10,8,3,97,65,0,11,2
BOP Fernando (SL),3,3,1,97,73,0,10,3
DJ Mitchell (NZ),9,9,3,97,79,0,5,4
Muhammad Kaleem (UAE),9,9,0,97,116,1,9,3
Aminuddin Ramly (MAL),10,9,2,97,59,1,3,9
AM Samad (CAN),7,6,0,97,88,1,8,4
S Samarawickrama (SL),7,7,0,97,93,1,9,0
AJ Staal (NL),9,8,2,97,79,2,5,5
GM Strydom (Caym),6,6,0,97,89,2,6,5
Zaheer Ibrahim (QAT),13,11,3,97,89,2,7,5
Ahmed Raza (UAE),36,14,7,96,123,1,2,4
RS Morton (WI),7,7,1,96,103,1,8,2
Razmal Shigiwal (Aut),4,3,0,96,78,0,3,8
ML Udawatte (SL),8,8,0,96,87,2,10,2
MH Yardy (ENG),14,8,5,96,72,3,9,1
TM Odoyo (KENYA),11,10,0,95,119,1,6,2
NS Poonia (SCOT),8,7,2,95,108,2,3,1
Shamsudheen Purat (Saudi),3,3,1,95,53,1,8,7
HJ Jordaan (THAI),4,4,1,94,107,0,8,0
Mehidy Hasan Miraz (BDESH),13,11,2,94,80,2,7,4
JH Stander (SCOT),11,11,2,94,90,3,6,4
JJ Tucker (BMUDA),5,5,1,94,97,0,11,1
P Utseya (ZIM),35,21,9,94,115,3,6,1
J Cutinho (CRC),3,3,0,93,98,0,7,4
Walid Ghauri (NOR),4,4,1,93,80,0,10,2
JL Denly (ENG),10,9,1,92,93,2,11,1
MC Sorensen (IRE),26,11,6,92,79,1,4,3
D Wiese (SA),20,11,4,92,75,1,4,3
Yasir Arafat (PAK),13,11,4,92,79,0,8,2
Anwar Arudin (MAL),12,12,0,91,98,3,10,2
Raees Ahmadzai (AFG),8,6,3,91,84,0,5,1
Saeed Ajmal (PAK),64,23,12,91,86,3,7,2
CR Woakes (ENG),8,7,4,91,63,1,4,5
GM Hamilton (SCOT),12,8,0,90,110,0,6,1
JN Mohammed (WI),9,8,3,90,103,1,9,1
Muhammad Naeem (Saudi),5,4,2,90,91,1,7,1
Sagar Pun (NEPAL),9,9,0,90,100,0,13,0
DLS van Bunge (NL),14,12,4,90,104,2,2,3
GH Worker (NZ),2,2,0,90,64,0,6,5
S Adedeji (NGA),6,6,2,89,114,1,5,2
Mohammad Nadeem (OMAN),22,13,3,89,106,1,7,0
A Otwani (UGA),4,4,0,89,78,0,13,1
A Ferguson (Arg),5,3,1,88,100,0,5,1
N Madziva (ZIM),15,10,5,88,80,1,4,5
Md Shafiqul Haque (THAI),4,4,0,88,62,0,5,6
Zishan Shah (DEN),6,5,1,88,87,0,7,1
PS Airee (NEPAL),11,11,0,87,93,4,10,1
SC Getkate (IRE),14,12,2,87,73,1,4,4
Mandeep Singh (INDIA),3,3,1,87,73,0,11,1
D Pretorius (SA),6,2,2,87,49,0,7,4
Raza Iqbal (NOR),5,5,0,87,89,0,13,0
DI Allan (KENYA),10,10,0,86,135,0,7,0
AR Gandhi (KENYA),3,3,1,86,98,0,5,1
GJ Hopkins (NZ),10,8,0,86,71,0,5,5
SM Pollock (SA),12,9,2,86,70,3,4,4
Shamsur Rahman (BDESH),9,8,0,86,85,2,12,1
DP Michael (Samoa),4,4,1,85,82,1,1,6
AR Nurse (WI),13,8,6,85,71,0,7,3
MD Patel (USA),8,8,1,85,88,0,6,4
RML Taylor (SCOT),9,6,3,85,58,0,6,4
N Khosla (MALTA),4,4,0,84,95,0,3,2
IO Okpe (NGA),8,8,0,84,109,0,2,2
Afif Hossain (BDESH),8,7,0,83,63,2,10,1
JH Davey (SCOT),21,10,5,83,63,0,5,3
PF Gallagher (Fin),3,3,0,83,68,0,4,5
JK Kamande (KENYA),12,9,0,83,92,2,5,3
Manpreet Singh (ITA),8,6,0,83,98,0,10,1
AC Agar (AUS),21,7,1,82,79,0,6,3
FA Cossa (Moz),6,6,2,82,90,0,6,4
AS Hansra (CAN),8,8,2,82,85,0,4,3
AK Mohan (Fin),5,5,0,82,72,1,9,1
Muhammad Awais (),3,3,2,82,59,0,12,1
TD Paine (AUS/World),12,9,1,82,77,2,7,3
Shaikh Ashraf (Peru),4,4,0,82,67,0,8,3
RM Siri (Arg),4,4,1,82,80,1,6,1
Aaron Jones (USA),8,7,3,81,81,0,3,2
MO Jones (BMUDA),8,7,2,81,83,0,5,3
Ahsan Abbasi (HKG),6,6,0,80,87,0,7,2
DAP Darrell (BMUDA),11,10,1,80,95,1,1,5
Faizan Asif (UAE),6,6,0,80,64,0,9,3
Ijaz Hussain (ROM),3,3,0,80,76,0,7,6
RK Paudel (NEPAL),11,10,2,80,89,0,7,0
CP Rizwan (UAE),5,4,0,80,73,0,10,1
ZE Green (NAM),16,11,3,79,78,1,4,3
CD Barnwell (WI),6,6,2,78,62,1,4,4
Nurul Hasan (BDESH),9,8,4,78,63,1,9,0
GG Banner (Blz),3,3,1,77,65,0,1,8
Sandeep Goud (OMAN),12,7,3,77,72,0,3,3
Shahid Wasif (HKG),9,8,3,77,66,1,3,1
SA Wijeyeratne (CAN),2,2,0,77,51,0,12,0
T Bavuma (SA),2,2,1,76,66,0,5,2
A Flintoff (ENG),7,7,1,76,60,1,7,2
DR Hooper (GUE),9,8,3,76,91,1,3,1
Imran Farhat (PAK),7,7,0,76,70,1,14,0
Irfan Ahmed (HKG),8,8,0,76,83,2,4,6
HB Kayondo (UGA),3,3,0,76,69,0,2,4
NFI McCallum (SCOT),11,7,0,76,85,3,7,1
S Matsikenyeri (ZIM),10,10,0,76,82,2,6,3
Rizwan Mahmood (DEN),5,4,0,76,61,0,3,3
VS Solanki (ENG),3,3,0,76,61,0,10,1
NR Kirton (CAN),5,5,2,75,83,0,4,1
NJ Astle (NZ),4,4,1,74,67,0,7,2
Hirenkumar Patel (Chile),4,4,0,74,82,0,9,1
S Hirugade (Mex),6,6,0,74,86,1,8,2
KO Otieno (KENYA),4,4,0,74,79,0,5,2
SI Runsewe (NGA),6,6,1,74,87,1,4,0
G Venkateswaran (LUX),3,3,1,74,58,0,10,1
J Vira (VAN),14,12,4,74,68,1,7,2
NT Broom (NZ),11,7,1,73,68,0,8,1
TS Fray (BMUDA),10,10,1,73,96,3,9,0
Khurram Khan (UAE),3,3,0,73,73,0,8,0
AR McBrine (IRE),19,11,5,73,70,1,6,1
C Munoz-Mills (ESP),9,7,3,73,66,0,5,3
AM Oyede (NGA),8,8,1,73,104,2,5,1
AL Phehlukwayo (SA),23,11,5,73,66,3,10,1
AJ Strauss (ENG),4,4,0,73,64,1,9,0
RA Thomas (CAN),8,8,1,73,95,1,7,1
Farhad Reza (BDESH),13,9,0,72,88,1,4,2
Haroon Mughal (MALTA),4,4,0,72,65,0,6,1
Hassan Rasheed (Mald),8,7,0,72,100,0,4,1
A Pusthay (Fin),5,5,0,72,60,0,5,1
AS Wright (GUE),8,7,0,72,84,1,6,3
Sahir Naqash (GER),7,5,1,71,52,2,2,5
T Taylor (Caym),6,6,2,71,91,0,2,5
Abdul Hashmi (DEN),8,5,1,70,66,1,4,0
Awais Zia (PAK),5,5,0,70,80,0,4,3
FF Mulivai (Samoa),4,4,0,70,37,1,2,8
Hafez Farooq (Peru),4,4,0,69,68,0,7,2
C Hauptfleisch (Caym),5,5,0,69,85,1,4,2
Ibrarul Haq (Saudi),5,4,0,69,47,1,6,4
SM Katich (AUS),3,2,0,69,47,0,8,2
TB Sole (SCOT),9,6,2,69,43,0,9,1
J Umanath (Mex),7,7,1,69,77,1,7,2
R Ankad (Mex),8,7,3,68,72,2,7,0
AG Cremer (ZIM),29,19,6,68,102,2,2,0
Dawlat Zadran (AFG),34,17,8,68,42,3,4,6
TM Dowlin (WI),2,2,1,68,69,0,8,0
R Escobar (Arg),5,4,1,68,76,0,6,1
AR Patel (INDIA),11,7,3,68,54,0,3,3
Sikander Zulfiqar (NL),11,8,1,68,68,0,5,0
JNT Vare (PNG),8,7,0,68,71,0,4,0
C Viljoen (NAM),12,7,3,68,70,0,7,1
Waqas Khan (HKG),8,7,3,68,89,1,3,2
Hilal Ahmad (CZK-R),7,7,2,67,59,0,6,1
AJ Michael (Samoa),4,4,1,67,69,0,5,2
Zawar Farid (UAE),4,4,0,67,53,0,5,3
Abraash Khan (CAN),7,4,0,66,60,0,7,1
PHKD Mendis (SL),4,4,0,66,46,1,6,3
Waheed Ahmed (UAE),10,9,4,66,80,0,6,2
J Bulele (Moz),7,7,0,65,95,1,8,0
SC Kuggeleijn (NZ),9,5,3,65,30,1,4,6
H Lakov (),3,3,0,65,62,0,5,0
Shoaib Khan jnr (PAK),4,4,0,65,74,1,7,0
FA Allen (WI),11,9,2,64,56,2,5,3
Anique Uddin (DEN),6,6,0,64,79,0,3,0
Ansar Iqbal (NOR),4,4,0,64,72,0,6,1
B Arora (MALTA),4,4,0,64,64,0,5,3
K Birkenstock (NAM),4,2,0,64,33,0,7,4
S Dube (INDIA),6,4,2,64,42,0,3,4
RM Haq (SCOT),21,12,7,64,96,1,2,1
DP Hyatt (WI),5,5,1,64,54,0,4,4
G Manan (ROM),3,3,0,64,52,0,11,1
A Natubhai Ahir (PNM),3,3,0,64,59,0,10,1
WB Rankin (ENG/IRE),48,15,8,64,74,2,3,3
DJ Reekers (NL),6,5,0,64,49,1,10,2
Sadeeq Khan (ROM),3,3,1,64,42,0,3,6
Usman Waheed (KUW),6,4,1,64,61,1,6,1
V Balakrishnan (Botsw),3,3,1,63,82,0,6,1
LJ Barker (GUE),9,8,0,63,69,3,8,0
Imran Ismail (Moz),7,7,0,63,58,0,7,3
Kuldeep Lal (ESP),8,3,0,63,41,0,3,2
AN Cook (ENG),4,4,0,61,54,0,10,0
OD Hald (DEN),9,8,1,61,57,1,4,2
Hasan Ali (PAK),30,10,5,61,35,2,3,5
PD McGlashan (NZ),11,9,1,61,64,0,6,2
R Nehonde (Botsw),7,7,1,61,79,1,3,1
NM Odhiambo (KENYA),16,8,2,61,94,2,4,1
A Sathya (Mex),3,3,0,61,61,0,3,2
PH Shamdasani (Peru),4,4,1,61,72,0,3,1
AJ Tye (AUS),26,11,5,61,55,2,4,3
DE Budge (SCOT),6,4,2,60,59,0,2,3
JWM Dalrymple (ENG),3,3,0,60,57,0,6,0
LM Jongwe (ZIM),8,7,0,60,65,2,4,1
J Kila (PNG),12,5,3,60,31,0,4,5
Mohammad Adnan (Saudi),5,3,3,60,31,0,4,5
Mominul Haque (BDESH),6,4,1,60,50,0,5,2
P Mustard (ENG),2,2,0,60,37,0,5,4
Zameer Khan (DEN),2,2,1,60,61,0,4,0
Zeeshan Siddiqui (OMAN),5,5,1,60,63,0,7,0
Ariful Haque (BDESH),9,8,4,59,61,1,4,0
DR Flynn (NZ),5,5,0,59,51,0,1,4
Hayatullah Niazi (NOR),4,4,1,59,47,0,3,3
Mohammad Amir (PAK),48,14,6,59,72,2,2,3
Muhammad Saleem (),4,4,0,59,54,0,5,1
AK Perera (SL),6,5,0,59,65,0,5,1
IS Sodhi (NZ),40,7,3,59,56,1,4,3
Aamer Ikram (PORT),4,4,0,58,73,0,4,4
Abu Hider (BDESH),13,5,4,58,43,0,5,4
D Heyliger (CAN),11,7,5,58,42,1,2,3
JJ Huo (Moz),7,7,0,58,61,1,7,2
DF Jacobs (THAI),4,4,0,58,82,0,7,0
K Mendon (CZK-R),6,4,4,58,51,0,5,2
Mohamed Azzam (Mald),7,6,2,58,61,1,6,0
Shaheryar Butt (Belg),3,3,1,58,55,0,3,4
CJO Smith (SCOT),8,6,1,58,54,3,6,0
Alok Kapali (BDESH),7,7,2,57,85,2,3,1
Fayyaz Butt (OMAN),14,6,4,57,48,0,4,2
C Jonker (SA),2,2,0,57,29,0,5,3
A Makesh (KUW),4,2,1,57,41,0,3,4
GP Meade (ITA),8,5,0,57,63,0,4,1
A Sarma (GER),3,3,0,57,67,0,3,1
P Sarraf (NEPAL),9,8,1,57,84,3,9,0
Sohag Gazi (BDESH),10,7,3,57,59,0,3,1
AJ Turner (AUS),11,7,3,57,57,1,1,2
Amjad Sher (Fin),5,5,0,56,36,0,1,4
T Banton (ENG),3,3,0,56,34,0,6,3
JM How (NZ),5,5,0,56,67,0,5,1
EB Knowles (CZK-R),7,6,2,56,54,1,7,1
P Manning (Caym),6,6,1,56,89,1,4,0
MJ Ross (ITA),8,5,1,56,42,0,2,3
SMSM Senanayake (SL),24,12,6,56,66,2,3,1
D Ajekun (NGA),6,6,0,55,81,0,6,1
MNM Aslam (KUW),6,4,0,55,59,1,4,1
C Carter (HKG),10,5,1,55,63,0,3,0
N Deonarine (WI),8,7,2,55,53,3,5,0
PWH de Silva (SL),8,7,3,55,50,0,3,0
GB Hogg (AUS),15,4,0,55,39,0,3,3
KM Jarvis (ZIM),22,12,5,55,64,4,1,4
Mirza Ahsan (Aut),5,3,2,55,18,0,2,7
OE Newey (GUE),7,6,1,55,66,1,2,0
R Satheesan (ROM),4,3,1,55,42,0,3,4
HS Baidwan (CAN),17,11,2,54,52,4,4,1
JW Chilia (VAN),14,7,4,54,54,0,3,3
M Dixit (LUX),3,2,0,54,59,0,6,2
GD Drummond (SCOT),17,7,0,54,65,2,3,0
JSE Dunford (JER),17,9,3,54,67,3,2,0
MSS Mandy (Chile),4,4,0,54,67,0,8,0
SMA Priyanjan (SL),3,3,2,54,62,0,1,2
BA King (WI),6,5,0,53,50,0,6,1
Usman Limbada (CAN),7,3,2,53,41,0,6,0
MRJ Watt (SCOT),35,11,6,53,40,1,6,1
TS Bharaj (DEN),9,8,0,52,77,1,2,0
G Caisley (),4,4,0,52,60,1,3,2
SJ Cotter (Samoa),4,4,0,52,62,0,4,1
RP Magar (NEPAL),6,6,0,52,89,1,0,3
A Manousis (),3,3,1,52,49,0,5,1
DM Nakrani (UGA),4,4,1,52,48,0,2,3
Ovais Yousof (NGA),3,3,0,52,70,0,5,0
IS Billcliff (CAN),2,2,0,51,39,0,3,2
TGJ Gruijters (NL),8,5,3,51,47,0,3,1
V Mbazo (Botsw),4,3,1,51,67,0,3,0
Raqibul Hasan (BDESH),5,5,0,51,62,0,3,1
AU Rashid (ENG),40,15,8,51,61,0,4,0
HA Varaiya (KENYA),25,12,11,51,81,0,1,0
Hamid Hassan (AFG),22,9,6,50,46,0,3,2
Md Nurul Huda (Fin),5,4,2,50,32,0,4,2
Mohammad Yousuf (PAK),3,3,0,50,43,0,5,1
MJ Richardson (GER),3,3,2,50,38,0,7,0
Ameel Mauroof (Mald),10,8,4,49,63,0,3,0
U Bhatti (CAN),7,7,3,49,48,0,3,1
G Chaturvedi (MALTA),2,2,0,49,29,0,6,1
A Dananjaya (SL),22,12,4,49,57,2,6,0
JN Frylinck (NAM),14,7,4,49,47,1,2,1
CU Jayasinghe (SL),5,3,2,49,49,0,3,1
Junaid Siddiqui (CAN),13,7,3,49,41,1,2,2
HG Kuhn (SA),7,6,2,49,42,0,3,2
Nanda Kumar (CRC),3,3,0,49,58,1,3,2
SD Outerbridge (BMUDA),3,3,1,49,51,0,2,1
DA Rankin (IRE),2,2,0,49,54,0,3,2
Saber Zakhil (Belg),3,3,0,49,35,0,2,3
DC Smith (PHI),4,4,1,49,53,0,5,0
K Weeraratne (SL),5,5,2,49,45,0,4,1
S Jamil (Belg),3,3,0,48,49,0,5,2
Muhammad Nadeem (Saudi),5,3,0,48,49,0,7,1
MIA Patel (MWI),3,2,1,48,44,0,6,1
Qalandar Khan (QAT),4,3,0,48,43,0,2,3
YSD Seneveratne (Caym),6,6,0,48,79,1,5,1
J Singye (BHU),2,2,0,48,64,0,2,0
C Zhuwao (ZIM),7,7,0,48,66,4,7,1
M Aboagye (Ghana),3,3,1,47,53,0,3,0
VD Adewoye (NGA),7,6,2,47,42,2,4,2
Delawar Khan (DEN),9,8,1,47,40,2,0,4
D Weston (GER),6,6,0,47,54,2,5,1
SA Ahmad (DEN),5,3,1,46,54,0,2,0
KM Dabengwa (ZIM),8,7,3,46,40,0,4,2
K Gupta (Chile),4,4,1,46,64,1,1,0
JW Hastings (AUS),9,6,2,46,37,0,3,1
Z Hoque (THAI),3,3,0,46,35,0,4,2
MM Iqbal (SCOT),6,3,0,46,45,0,4,1
RJ Trott (BMUDA),15,10,4,46,84,2,3,0
JJ van der Wath (SA),8,4,1,46,39,0,3,1
Anasim Khan (BAH),4,3,1,45,39,0,2,1
S Ateak (Ghana),3,3,0,45,48,0,6,1
R Bakum (Ghana),4,4,0,45,45,1,4,2
Haseeb Amjad (HKG),18,10,6,45,45,0,3,1
MG Hunter (GIBR),4,3,0,45,61,0,2,1
NJ Maddinson (AUS),6,4,0,45,35,0,6,1
Mamoon Latif (Belg),3,3,0,45,52,0,2,2
T Munyonga (ZIM),5,3,2,45,34,0,3,1
Nazril Rahman (MAL),7,4,1,45,45,0,4,0
VE Tembo (Moz),6,5,2,45,52,0,2,0
Yasar Haroon (),4,4,0,45,62,0,4,1
Zohaib Sarwar (PORT),4,4,1,45,46,2,1,4
Abrar Bilal (Aut),3,2,0,44,24,0,6,2
AJ Ayannaike (NGA),3,3,0,44,43,1,4,2
AA Banner (Blz),3,2,0,44,29,0,4,3
JM Davison (CAN),5,5,0,44,40,2,2,3
L Emilio (Moz),5,4,0,44,35,0,4,1
GF Gomes (Moz),7,6,1,44,46,1,6,1
Ismat Ullah (),4,4,0,44,47,1,4,1
Saad Nasim (PAK),3,2,0,44,53,0,0,1
S Badree (WI/World),52,16,10,43,65,0,1,1
S Badrinath (INDIA),1,1,0,43,37,0,5,0
P Baron (Arg),5,3,0,43,38,0,0,4
NO Miller (WI),9,5,4,43,47,0,2,0
P Mishra (),3,3,1,43,26,0,3,4
Mustafizur Rahman (BDESH),37,15,5,43,55,4,3,3
Saad Bin Zafar (CAN),11,4,1,43,33,0,3,2
M Sohel Patel (PNM),2,2,0,43,39,0,2,3
Amjad Ali (UAE),5,5,1,42,52,0,6,0
F Baaleri (Ghana),4,4,0,42,60,0,6,0
NG Jones (IRE),5,4,2,42,38,1,1,2
Mohamed Mahfooz (Mald),11,5,0,42,53,0,3,0
Muaviath Ganee (Mald),5,4,0,42,44,0,3,1
LE Plunkett (ENG),22,11,4,42,34,3,3,1
AT Rayudu (INDIA),6,5,1,42,50,2,5,0
M Sert (TKY),4,4,1,42,59,0,5,0
DC Stovell (BMUDA),6,6,1,42,50,1,5,0
JK Vifah (Ghana),3,3,0,42,45,0,2,1
KJ Young (Blz),3,3,2,42,34,0,3,1
Abdul-Shakoor Rahimzei (GER),7,5,1,41,33,0,2,1
Abdur Razzak (BDESH),34,20,10,41,74,5,1,0
Ainool Hafizs (MAL),3,3,0,41,39,0,3,1
A Ashokan (CZK-R),2,2,0,41,29,0,2,3
K Jethi (CAN),5,5,1,41,59,1,0,2
K Joshi (Aut),4,3,1,41,41,0,4,2
B Mavuta (ZIM),3,3,2,41,23,0,3,2
D Muhumuza (UGA),4,4,0,41,36,1,3,1
Murid Ekrami (Belg),3,2,0,41,48,0,2,0
K Pala (PNG),2,2,1,41,30,0,4,2
Amir Hamza (AFG),31,9,5,40,38,1,3,1
TS Chisoro (ZIM),12,6,2,40,42,0,2,2
BCJ Cutting (AUS/World),7,5,1,40,27,1,2,3
Fitri Sham (MAL),15,10,4,40,56,0,2,0
Imran Bulbulia (PNM),3,3,0,40,42,1,4,1
LA Musiani (Arg),5,5,1,40,60,1,4,0
E Packard (GIBR),4,4,0,40,49,0,2,1
S Ravikumar (CRC),3,3,1,40,44,1,3,1
Sahibzada Farhan (PAK),3,3,0,40,46,1,2,3
F Stoman (PORT),4,4,1,40,61,0,1,1
Talha Khan (GER),1,1,1,40,41,0,4,0
Tariq Aziz (PORT),4,4,1,40,47,1,1,2
KDK Vithanage (SL),3,3,0,40,34,0,7,0
RR David (CAN),4,4,0,39,65,0,2,1
Imran Khan (PORT),4,3,1,39,32,0,2,3
Munir Dar (HKG),2,2,0,39,33,0,3,1
Rafatullah Mohmand (PAK),3,3,0,39,45,1,4,0
P Silas (Botsw),4,3,0,39,44,0,1,1
S Tobgay (BHU),2,2,0,39,58,0,1,0
PA van Meekeren (NL),41,9,1,39,40,3,0,3
RI Ahmed (NL),2,2,0,38,50,0,2,0
Ameer Saiyed (Botsw),4,3,0,38,47,0,4,0
R Flannigan (SCOT),4,4,1,38,33,1,4,0
D Kansonkho (MWI),7,4,0,38,47,2,5,0
AK Kitchen (NZ),5,4,1,38,32,0,3,1
BF Mailata (Samoa),4,4,0,38,48,0,2,1
Mohammad Amin (KUW),4,4,2,38,39,0,5,0
D Mongia (INDIA),1,1,0,38,45,0,4,1
F Mutizwa (ZIM),3,3,0,38,36,1,3,0
H Pragji (Botsw),4,4,1,38,65,0,1,0
BJ Watling (NZ),5,4,0,38,58,0,3,0
SJ Benn (WI),24,7,4,37,42,1,5,1
VD Chandra (PNM),3,2,0,37,30,0,3,3
I Danladi (NGA),3,2,0,37,38,1,4,1
CJ Delany (GIBR),4,4,0,37,60,1,2,0
JS Foster (ENG),5,5,2,37,32,0,0,1
RM Hira (NZ),15,3,1,37,33,0,4,1
J Hirschi (MALTA),4,4,0,37,62,0,0,0
AF Ifill (Caym),6,6,1,37,61,0,2,1
R Kumar (ROM),4,3,1,37,27,0,6,0
D Manani (ROM),2,2,1,37,32,0,4,1
S Sola (Samoa),4,3,0,37,36,0,1,3
CA Soper (PNG),13,6,4,37,41,0,0,3
BM Wheeler (NZ),6,4,2,37,28,0,3,2
RJ Campbell (HKG),3,3,0,36,47,1,6,0
TK Curran (ENG),15,6,4,36,27,0,0,3
J Dunn (VAN),4,3,0,36,41,0,0,1
J Jojo (DEN),7,5,3,36,27,0,1,1
TE Kane (IRE),7,3,1,36,23,0,5,0
Mohammed Qasim (UAE),3,3,1,36,51,0,2,0
Mohsin Hub (Peru),4,4,1,36,41,1,2,0
PA Patel (INDIA),2,2,0,36,32,0,4,1
Abdul Shakoor (UAE),6,4,2,35,40,0,3,0
MP Biddappa (PHI),4,2,1,35,47,0,1,1
STR Binny (INDIA),3,2,0,35,29,0,2,1
PJ Cummins (AUS),25,11,4,35,37,2,2,1
SM Curran (ENG),5,3,0,35,23,0,3,2
CD de Lange (SCOT),8,3,0,35,22,0,2,2
L Hermida (Mex),5,5,2,35,52,0,1,0
JN Malan (SA),2,2,0,35,37,0,3,2
VV Morea (PNG),5,5,0,35,44,1,4,0
D Murphy (SCOT),4,4,3,35,35,0,1,0
Nazakat Ali (NOR),2,2,0,35,31,0,1,3
Shuvagata Hom (BDESH),5,4,2,35,35,0,3,1
Sultan Ahmed (UAE),17,9,3,35,37,3,0,2
DK Anefie (Ghana),4,4,2,34,38,1,2,0
Arafat Sunny (BDESH),10,6,3,34,30,0,3,1
Hammad Azam (PAK),5,4,1,34,34,0,3,1
Nadeem Ahmed (HKG),24,9,4,34,55,1,2,0
JD Nel (SCOT),10,5,2,34,25,1,3,1
OL Pitcher (BMUDA),3,3,0,34,53,0,1,0
S Rakshit (CZK-R),7,5,1,34,44,1,5,0
Saqib Zulfiqar (NL),6,4,0,34,43,0,1,0
JTS Sumerauer (JER),8,6,1,34,39,0,3,0
W Viraliliu (VAN),10,7,3,34,26,0,3,2
PSP Handscomb (AUS),2,2,1,33,33,0,1,0
GO Jones (ENG),2,2,1,33,25,0,5,0
FJ Klaassen (NL),21,7,1,33,34,1,2,0
MF Maharoof (SL),8,5,1,33,43,1,0,1
CB Mpofu (ZIM),30,10,6,33,40,3,3,1
K Nestor (GIBR),4,4,1,33,35,0,1,2
I Pandey (NEPAL),4,4,0,33,50,0,5,0
RJMGM Rupasinghe (SL),2,2,0,33,39,0,2,0
Simandeep Singh (HKG),7,7,2,33,32,0,2,0
WPUJC Vaas (SL),6,2,1,33,41,0,1,0
AA Westphal (Mex),5,5,0,33,40,0,3,0
Abdul Wahid (Saudi),5,3,1,32,26,0,4,1
KS Bagabena (Ghana),4,3,2,32,32,1,1,0
WD Balaji Rao (CAN),4,4,1,32,30,1,1,2
SE Findlay (WI),2,2,0,32,31,0,4,0
TG Gordon (CAN),3,3,0,32,37,0,3,0
LHB Harrington-Myers (Caym),4,4,1,32,39,1,1,1
Khizer Ahmed (NOR),5,4,2,32,47,0,1,0
GA Lamb (ZIM),5,4,2,32,54,1,1,0
GH O'Brien (BMUDA),11,6,2,32,38,1,1,2
SNJ O'Keefe (AUS),7,5,0,32,26,0,4,1
Shiraz Khan (KUW),6,5,1,32,27,1,2,1
KRP Silva (USA),2,2,0,32,12,0,2,3
J Theron (SA),9,3,3,32,21,0,3,1
JC Tredwell (ENG),17,6,3,32,20,1,4,1
TR Birt (AUS),4,3,0,31,33,0,3,1
PVD Chameera (SL),19,10,6,31,40,2,3,0
P Chandran (Mex),3,3,0,31,47,1,2,1
R Dravid (INDIA),1,1,0,31,21,0,0,3
V Ganesan (GER),4,4,0,31,42,0,0,0
Jahurul Islam (BDESH),3,3,0,31,23,0,3,1
Jasdeep Singh (USA),4,2,0,31,25,1,0,3
AS Mehmi (),3,2,1,31,29,0,2,1
RG Mukasa (UGA),4,4,0,31,40,0,1,0
PA Nixon (ENG),1,1,1,31,22,0,2,1
H Osinde (CAN),11,6,2,31,34,0,1,2
VS Padhaal (Fin),5,5,0,31,44,0,4,0
D Sheeli (KUW),3,3,0,31,32,0,3,0
ACF Stokes (GUE),7,5,0,31,26,3,6,0
Tafseer Ali (NOR),5,4,1,31,53,0,1,0
Zubaidi Zulkifle (MAL),4,4,0,31,29,1,2,2
D Cato (Caym),3,3,0,30,59,0,2,0
WW Hinds (WI),5,5,1,30,41,1,3,0
LC Le Tissier (GUE),9,7,2,30,29,0,2,0
Mian Mehmood (PORT),4,4,0,29,41,1,1,1
SH Obed (VAN),12,7,2,29,41,0,1,0
S Rossi (Arg),5,4,1,29,27,0,2,1
J Salazar (Peru),2,2,1,29,36,0,0,0
Taskin Ahmed (BDESH),19,6,3,29,31,1,3,1
DT Tiripano (ZIM),10,6,2,29,34,2,0,2
C Zavoiu (ROM),3,2,0,29,39,0,3,0
Ahsan Malik (NL),31,8,5,28,30,1,1,1
KK Ahuja (Mex),8,7,0,28,50,1,1,1
Amjad Khan (UAE),4,3,0,28,30,0,3,1
EJB Miles (JER),14,4,2,28,31,0,1,0
A Nehra (INDIA),27,5,0,28,39,3,1,2
PJ Ongondo (KENYA),8,6,0,28,23,2,1,2
CW Perchard (JER),15,5,2,28,35,0,0,0
R Pillai (GER),6,5,1,28,44,1,1,0
Sharafuddin Ashraf (AFG),8,4,1,28,29,0,1,1
Ahmed Wardak (GER),9,4,2,27,38,0,1,0
TP Allen (USA),5,3,1,27,17,0,0,3
G Bakiweyem (Ghana),3,2,1,27,30,0,0,0
TC Barker (LUX),4,4,0,27,33,0,1,0
NE Bonner (WI),2,2,0,27,38,0,2,0
DT Christian (AUS),16,7,3,27,28,1,2,0
RM Dorji (BHU),1,1,0,27,23,0,0,4
H Fennell (Arg),5,5,2,27,23,3,4,1
S Hongsi (THAI),3,3,3,27,16,0,3,1
Mohammad Iqbal (CAN),3,3,0,27,39,0,1,0
Nadif Chowdhury (BDESH),3,3,0,27,23,0,2,0
SS Pathirana (SL),5,5,0,27,24,0,3,0
Shapoor Zadran (AFG),34,13,6,27,65,3,0,3
Shoaib Qureshi (Fin),5,4,0,27,34,1,2,0
MP Vaughan (ENG),2,2,0,27,22,1,4,0
Waqas Ali (Belg),2,2,0,27,31,0,0,2
Zulfiqar Babar (PAK),7,3,3,27,27,0,2,1
Arsalan Arif (Aut),2,1,1,26,11,0,5,0
TB de Bruyn (SA),2,2,0,26,16,0,3,1
D Ganga (WI),1,1,0,26,31,0,3,1
R Goodwin (PHI),4,4,1,26,36,1,1,0
Izatullah Dawlatzai (AFG/GER),14,3,2,26,16,0,2,2
G Kansonkho (MWI),6,3,1,26,21,1,4,0
TJ Murtagh (IRE),14,5,3,26,25,0,0,1
LN Oluoch (KENYA),10,6,3,26,33,0,2,0
E Otieno (KENYA),18,8,3,26,48,1,0,1
TK Saha (Fin),4,4,3,26,23,0,1,0
Washington Sundar (INDIA),18,5,3,26,12,1,1,3
C Wright (Caym),6,5,2,26,31,1,2,0
P Agnihotri (NOR),2,2,0,25,36,0,2,0
Asrar Ahmed (),3,1,0,25,27,0,2,0
RA Bhatti (CAN),4,4,1,25,37,1,1,0
AM Ellis (NZ),5,5,2,25,21,0,1,1
CRD Fernando (SL),18,7,2,25,27,2,4,0
G Goudie (SCOT),9,6,2,25,20,0,2,1
T Jamtsho (BHU),2,2,1,25,27,0,1,1
JH Kiani (PHI),4,3,1,25,36,0,2,0
RK Kleinveldt (SA),6,3,2,25,10,0,1,3
WP Masakadza (ZIM),12,6,3,25,30,0,2,0
G Murali (CRC),3,3,0,25,44,0,1,0
PM Nevill (AUS),9,5,4,25,11,0,1,2
SA Okpe (NGA),8,6,1,25,46,0,1,0
C Pengkumta (THAI),4,3,2,25,31,0,2,0
Raza-ur-Rehman (CAN),5,4,0,25,29,0,3,0
Shahbaz Badar (BAH),3,3,0,25,32,1,3,0
Shahriar Nafees (BDESH),1,1,0,25,17,0,3,1
Sidhant Singh (SGP),8,6,2,25,26,1,1,1
A Srivastav (Chile),4,4,0,25,37,2,2,0
Tahir Dar (BAH),4,2,0,25,25,0,1,2
Vinod Kumar (ESP),3,3,1,25,30,0,3,0
Adil Hanif (BAH),4,2,0,24,23,0,3,0
Azyan Farhath (Mald),2,2,1,24,22,0,2,0
MO Bacarese (GIBR),3,2,0,24,37,0,0,1
OO Bascome (BMUDA),3,3,0,24,29,0,3,0
Bilal Tahir (KUW),4,4,0,24,21,1,1,1
JW Dernbach (ENG),34,7,2,24,21,1,3,0
Fareed Ahmad (AFG),14,1,1,24,15,0,4,0
JN Gillespie (AUS),1,1,0,24,18,0,4,0
B Ivanov (),3,3,1,24,55,0,1,0
Jagjit Singh (Peru),4,4,0,24,30,0,1,0
MJ McClenaghan (ICC/NZ),29,8,4,24,23,2,1,2
Rameez Raja (2) (PAK),2,2,0,24,29,0,2,0
B Regmi (NEPAL),18,11,4,24,56,1,2,0
CP Schofield (ENG),4,4,3,24,20,0,2,0
KJ Abbott (SA),21,6,4,23,20,0,2,0
AB Barath (WI),2,2,0,23,39,0,3,0
Bilawal Bhatti (PAK),9,4,2,23,14,1,2,1
DL Brangman (BMUDA),5,4,2,23,25,2,2,1
C Floyd (NL),2,2,1,23,23,0,2,1
Habib Ahmadzai (Aut),5,3,2,23,29,0,2,1
Hardev Singh (Chile),3,3,0,23,48,0,1,0
Imran Anwar (BAH),4,2,1,23,22,0,2,0
RK Inampud (Mex),3,3,2,23,28,0,0,1
B Kumar (INDIA),43,9,5,23,29,1,0,0
S Lamichhane (ICC/NEPAL),18,8,4,23,29,1,1,0
N Master (Botsw),2,2,0,23,18,0,4,0
T Panyangara (ZIM),14,5,4,23,17,0,1,2
VM Sachdev (PNM),2,2,1,23,31,0,2,0
Shafiul Islam (BDESH),17,6,1,23,33,1,1,1
S Sohal (USA),3,2,0,23,29,0,1,1
A Zampa (AUS),27,6,4,23,26,0,2,0
Zulqarnain Haider (PAK),3,3,0,23,30,0,1,0
Abdur Rehman (PAK),8,5,3,22,29,0,0,0
DNA Ankrah (Ghana),4,3,0,22,43,0,2,0
SE Aquilina (MALTA),4,4,0,22,30,0,2,0
Z Arinaitwe (UGA),3,3,0,22,26,0,3,1
TA Boult (NZ),27,8,3,22,32,1,1,0
PC de Silva (SL),2,2,0,22,22,0,1,0
AB Dinda (INDIA),9,2,1,22,24,0,1,0
PJ Ingram (NZ),3,3,1,22,35,1,3,0
M Morkel (SA/World),44,8,5,22,18,0,3,1
AK Muslar (Blz),3,3,0,22,27,1,1,2
DP Nannes (AUS/NL),17,5,3,22,18,0,1,1
FL Reifer (WI),1,1,0,22,20,0,2,1
Umair Ali (UAE),3,3,2,22,18,0,2,1
Abdullah Akbarjan (Aut),5,1,0,21,17,0,3,0
Anas Khan (HKG),1,1,1,21,28,0,2,0
SE Bond (NZ),20,8,3,21,21,2,2,0
BB Chari (ZIM),3,3,0,21,31,1,4,0
MR Gillespie (NZ),11,6,4,21,29,0,0,0
L Gregory (ENG),5,3,0,21,19,1,0,2
Imam-ul-Haq (PAK),2,2,0,21,25,0,2,0
Kamran Shazad (UAE),3,2,0,21,17,1,1,2
Karweng NG (PHI),4,3,0,21,30,0,0,1
LD Madushanka (SL),2,2,0,21,26,0,1,0
C Mahoney (Peru),3,1,0,21,27,0,1,0
AF Milne (NZ),21,8,8,21,23,0,1,0
Mohammad Sami (PAK),13,4,3,21,30,0,2,0
S Murari (CRC),3,3,1,21,20,0,2,0
Rony Talukdar (BDESH),1,1,0,21,22,0,0,1
Shoaib Akhtar (PAK),15,6,3,21,16,1,2,1
SJS Smith (SCOT),5,4,1,21,40,1,1,0
SF Tiai (Samoa),4,3,0,21,22,1,2,0
E Ul Haq (NOR),5,5,0,21,36,0,2,0
Ainool Haqqiem (MAL),4,2,1,20,20,0,1,0
RL Bhudia (KENYA),3,3,1,20,20,1,0,2
KK Flowers (Blz),3,3,1,20,33,1,3,0
Z Groenewald (NAM),10,4,1,20,35,0,0,0
DL Hemp (BMUDA),2,2,0,20,32,1,2,1
Kuldeep Yadav (INDIA),19,2,1,20,20,0,2,0
MJ North (AUS),1,1,0,20,21,0,1,0
N Pokana (PNG),19,7,5,20,28,0,0,0
JRMVB Sanjaya (SL),8,5,2,20,18,0,3,0
JOP Scamans (Fin),2,2,1,20,19,0,1,0
S Sreesanth (INDIA),10,3,2,20,14,1,4,0
A Uniyal (Chile),3,3,1,20,24,0,2,0
C Waiswa (UGA),4,2,1,20,14,0,1,1
Aziz Mohammad (Belg),3,3,1,19,25,1,0,2
Bilal Ahmed (Serb),1,1,0,19,28,0,1,1
CJ Dala (SA),9,4,3,19,28,0,1,0
Fahad Tariq (UAE),6,5,1,19,24,2,1,1
Ibrahim Hassan (Mald),11,7,2,19,41,3,0,0
Imran Haider (ROM),2,2,0,19,26,0,2,1
Imran Tahir (SA/World),38,4,3,19,18,0,1,1
Irfan Mir (Chile),4,3,2,19,7,1,0,2
Jaspreet Singh (ITA),5,2,0,19,23,0,1,0
Junaid Sheikh (NOR),5,3,0,19,20,0,1,1
HGJM Kulatunga (SL),2,2,0,19,38,0,0,0
CJ McKay (AUS),6,4,2,19,22,1,1,1
Mohammad Ahsan (KUW),6,3,0,19,20,0,0,1
Muktar Ali (BDESH),1,1,1,19,15,0,1,1
SN Netravalkar (USA),8,2,1,19,15,0,1,1
HM Nicholls (NZ),5,4,0,19,28,0,2,0
AE Paraam (SGP),3,2,1,19,10,0,2,1
AM Phangiso (SA),16,3,0,19,29,0,1,0
RLB Rambukwella (SL),2,1,0,19,16,0,1,1
SV Samson (INDIA),1,1,0,19,24,0,1,0
L Shafeeg (Mald),3,1,1,19,11,0,2,1
Sufyan Mehmood (OMAN),3,2,1,19,41,0,2,0
KOK Williams (WI),24,7,4,19,17,1,1,1
N Yordanov (),2,2,1,19,11,1,0,2
JD Baker (Samoa),4,3,3,18,14,0,3,0
V Baskaran (SGP),12,5,3,18,23,1,0,0
Bilal Khan (OMAN),32,10,7,18,28,2,1,0
LA Collado (GIBR),4,3,2,18,34,0,0,0
LHD Dilhara (SL),2,1,1,18,9,0,0,1
XJ Doherty (AUS),11,4,3,18,17,0,1,0
BE Hendricks (SA),11,3,1,18,21,0,0,1
Khurram Chohan (CAN),4,4,2,18,14,0,1,1
JB Little (IRE),11,6,2,18,16,2,3,0
AK Markram (SA),2,2,0,18,17,0,1,1
SW Masakadza (ZIM),7,5,1,18,24,1,1,0
Nauman Anwar (PAK),1,1,0,18,10,0,2,1
Naved-ul-Hasan (PAK),4,2,1,18,16,0,0,2
Nazmul Islam (BDESH),13,4,3,18,17,0,2,0
D Nikolov (),3,2,0,18,33,0,2,0
Raza Hasan (PAK),10,4,4,18,25,0,2,0
PADLR Sandakan (SL),14,4,2,18,24,0,2,0
S Snater (NL),13,6,1,18,16,2,0,1
S Thuraisingam (CAN),3,2,1,18,24,0,1,0
JW Wilson (NZ),1,1,0,18,14,0,2,0
HN Ya France (NAM),6,3,0,18,20,1,1,1
TL Best (WI),6,1,1,17,9,0,0,2
D Bishoo (WI),7,4,2,17,29,1,2,0
TA Blundell (NZ),3,2,1,17,21,0,0,0
LA Dawson (ENG),6,2,1,17,8,0,2,1
RR Emrit (WI),4,3,0,17,27,0,0,1
D Gim (NGA),6,4,2,17,32,1,0,0
S Kizilkaya (TKY),4,4,0,17,28,1,3,0
L Louwrens (NAM),1,1,1,17,15,0,1,1
JH Mensah (Ghana),2,2,0,17,10,0,1,1
LN Onyango (KENYA),5,4,2,17,21,0,0,0
TK Patel (USA),7,3,3,17,18,0,1,0
K Pierre (WI),8,4,2,17,23,0,2,0
Rubel Hossain (BDESH),27,14,9,17,30,4,1,0
GR Russ (PHI),3,2,1,17,29,0,0,0
SE Rutherford (WI),3,3,0,17,23,0,1,0
Shafraz Jaleel (Mald),4,3,0,17,14,2,1,1
JR Singleton (),3,3,0,17,26,0,3,0
T Singye (BHU),2,2,0,17,25,0,2,0
OR Willis (Caym),3,3,0,17,32,0,0,1
Zain ul Tashnam (CRC),3,2,1,17,26,0,1,0
IKO Aboagye (Ghana),4,4,0,16,37,1,0,0
A Ahmadhel (),3,2,0,16,16,0,2,0
P Arrighi (Arg),5,4,0,16,46,1,0,0
J Barker (LUX),4,2,0,16,16,1,3,0
KK Bishnoi (),3,2,1,16,18,0,1,0
M Chauhan (Fin),2,2,0,16,8,0,0,2
U Dorji (BHU),2,2,0,16,17,0,2,0
CJ Ferguson (AUS),3,3,0,16,19,1,1,0
LF Goncalves (),3,2,0,16,21,0,1,0
EH Hutchinson (USA),2,1,0,16,8,0,3,0
LS Livingstone (ENG),2,2,0,16,19,1,1,0
Mehrab Hossain jnr (BDESH),2,2,1,16,25,0,1,0
K Modise (Botsw),3,3,0,16,16,1,2,1
Najmul Hossain Shanto (BDESH),2,2,0,16,17,0,1,0
F Nsubuga (UGA),3,3,1,16,15,0,0,2
JB Reva (PNG),9,4,0,16,22,0,1,1
BJ Rohrer (AUS),1,1,0,16,14,0,0,1
EHSN Silva (UAE),2,2,1,16,22,0,1,0
DW Steyn (SA),44,10,5,16,23,1,1,0
Aamer Yamin (PAK),2,1,1,15,6,0,1,1
AB Agarkar (INDIA),4,2,0,15,11,0,2,0
Anowarul Islam (THAI),4,4,0,15,20,1,1,1
NW Bracken (AUS),19,6,3,15,22,1,1,0
TL Chatara (ZIM),21,3,0,15,18,1,1,0
K Christie (HKG),11,4,2,15,20,0,0,0
GL Cloete (SA),2,2,0,15,15,0,2,0
SS Cottrell (WI),22,7,4,15,22,1,2,0
N Dutta (CAN),11,3,2,15,13,0,1,0
KR Ebanks (Caym),5,4,0,15,27,1,1,0
J Hill (PHI),4,3,0,15,20,0,3,0
E Katchay (CAN),4,3,2,15,25,1,0,0
AC Kose (TKY),4,4,0,15,33,3,3,0
Nasrulla Rana (HKG),8,4,2,15,24,1,0,0
RN Patel (KENYA),2,2,1,15,25,1,1,0
LA Pomersbach (AUS),1,1,0,15,7,0,1,1
RW Price (ZIM),16,9,4,15,28,1,1,0
Shabir Noori (AFG),1,1,0,15,18,0,1,0
J Smits (NL),6,2,1,15,27,0,0,0
AO Suji (KENYA),8,5,2,15,29,0,0,0
MK Tiwary (INDIA),3,1,0,15,17,0,0,0
Usama Master (MWI),6,2,0,15,13,1,1,0
JDF Vandersay (SL),10,7,6,15,17,0,2,0
VB van Jaarsveld (SA),3,3,0,15,23,1,0,0
Vikramjit Singh (NL),1,1,0,15,13,0,1,0
Abul Hasan (BDESH),5,2,0,14,11,0,2,0
CM Akachukwu (NGA),8,5,3,14,15,0,0,1
Aminul Islam (BDESH),4,3,2,14,14,0,2,0
Aqib Iqbal (Aut),5,1,0,14,6,0,0,1
SG Borthwick (ENG),1,1,0,14,16,0,2,0
G Dutta (Mex),7,6,0,14,28,3,1,0
ST Finn (ENG),21,3,3,14,19,0,1,0
Ibrahim Zadran (AFG),3,3,0,14,26,0,0,1
P Jayeshbhai Patel (PNM),2,2,1,14,11,0,0,0
T Langa (VAN),1,1,0,14,9,0,2,0
JAH Marshall (NZ),3,2,0,14,15,0,2,0
JWN Moses (Botsw),3,3,0,14,20,0,0,1
N Nankov (),3,2,1,14,20,0,1,0
AN Petersen (SA),2,2,0,14,19,0,1,0
VD Philander (SA),7,4,0,14,28,0,0,0
S Pillai (CRC),3,3,0,14,27,0,1,0
C Prasad (CRC),3,3,1,14,29,1,1,0
Rakibul Hasan (ITA),8,4,1,14,17,1,1,0
Ravinder Singh (MALTA),2,2,0,14,13,0,0,1
Saqlain Haider (UAE),6,5,1,14,35,0,0,0
Shahzad Muhammad (Mex),2,1,0,14,7,0,1,1
S Smith (BMUDA),5,3,3,14,27,0,0,0
S Varathappan (KUW),3,3,0,14,14,1,3,0
VS Wategaonkar (OMAN),2,1,0,14,14,0,1,0
T Whiteman (LUX),4,2,1,14,10,1,0,1
CM Wright (SCOT),3,1,0,14,18,0,0,0
Abdullah Sheikh (NOR),2,2,0,13,18,0,1,0
AR Adams (NZ),4,2,1,13,12,0,1,0
M Cope (LUX),2,2,1,13,15,0,2,0
J Edness (BMUDA),3,3,0,13,28,1,0,0
JA Fitzgerald (GIBR),4,2,2,13,10,0,0,1
CR Foggo (BMUDA),3,3,0,13,17,1,2,0
SP Gauchan (NEPAL),9,5,2,13,43,2,0,0
PA Hitchcock (NZ),1,1,0,13,11,0,1,1
SHT Kandamby (SL),5,4,0,13,21,1,0,0
SKW Kelly (BMUDA),3,2,2,13,24,0,0,0
Z Khan (INDIA),17,4,2,13,10,0,0,1
Lucky Ali (DEN),2,2,0,13,18,0,1,0
JL Martel (GUE),3,1,1,13,6,0,1,1
J Mees (LUX),3,3,2,13,20,0,1,0
Mohammad Nawaz (3) (PAK),16,2,0,13,20,0,1,0
Mohammad Rafique (BDESH),1,1,0,13,5,0,3,0
Muhammad Hamayun (Saudi),4,2,0,13,10,0,1,1
HC Overdijk (NL),4,1,0,13,7,0,2,0
CMW Read (ENG),1,1,0,13,11,0,2,0
JA Richardson (AUS),9,3,2,13,6,1,2,0
OFJ Tonuu (Samoa),4,3,1,13,18,0,0,0
Usman Mushtaq (UAE),3,2,1,13,24,0,1,0
Washeem Abbas (MALTA),2,2,1,13,7,0,0,1
J Anderson (IRE),4,2,0,12,18,0,1,0
Arslan Ahmed (PORT),3,3,0,12,32,1,1,0
Asad Mohammad (GER),9,4,1,12,12,0,2,0
Avi Dixit (SGP),1,1,1,12,8,0,0,1
HMCM Bandara (SL),4,3,1,12,15,0,0,0
Fazal Niazai (AFG),1,1,0,12,15,0,1,0
CJ Gannon (USA),4,3,2,12,9,0,0,1
R Gaznavi (SGP),2,2,0,12,12,0,2,0
H Helva (TKY),4,4,0,12,25,2,2,0
HJH Marshall (NZ),3,3,0,12,14,0,0,0
D Mejia (CRC),3,1,0,12,10,0,2,0
NV Ojha (INDIA),2,2,0,12,27,0,2,0
A Patel (MWI),2,2,1,12,23,0,2,0
M Patel (Chile),3,3,0,12,15,1,1,1
KOA Powell (WI),1,1,0,12,14,0,1,0
Raag Kapur (HKG),4,3,1,12,16,0,1,0
R Rampaul (WI),23,6,5,12,21,0,0,0
MA Starc (AUS),28,6,2,12,18,0,0,0
Ali Ivan (Mald),1,1,0,11,39,0,0,0
Apon Mustafizur (Serb),2,2,0,11,28,1,2,0
Atif Kamal (LUX),4,3,0,11,18,2,1,0
A Bulow (DEN),2,1,0,11,13,0,0,1
JD Campbell (WI),2,2,0,11,16,1,2,0
A Djorovic (Serb),2,2,0,11,26,0,1,0
Fayyaz Ahmed (UAE),1,1,0,11,12,0,2,0
S Goustis (),3,1,0,11,19,0,0,0
AJ Hall (SA),2,1,0,11,10,0,1,0
Inzamam-ul-Haq (PAK),1,1,1,11,15,0,0,1
Khurram Manzoor (PAK),3,3,0,11,27,1,1,0
KS Lokuarachchi (SL),2,2,0,11,13,1,1,0
WK McCallan (IRE),9,3,2,11,15,1,1,0
OC McCoy (WI),2,2,1,11,10,0,1,1
Mahedi Hasan (BDESH),1,1,0,11,11,0,1,0
WJ Malinda (Mald),3,2,1,11,9,0,0,1
AK Mandal (NEPAL),2,2,0,11,25,0,0,0
D Marks (MALTA),2,2,2,11,12,0,0,0
BJ McCarthy (IRE),6,3,1,11,7,2,0,1
AA Mulla (CAN),4,4,0,11,19,1,2,0
J Reb (Serb),2,2,0,11,14,0,1,0
Saqlain Arshad (QAT),2,1,0,11,10,0,0,1
V Shetty (UAE),2,2,1,11,13,0,1,0
Suresh Kumar (Peru),2,2,1,11,15,0,0,0
SW Tait (AUS),21,6,2,11,15,1,0,1
P Taylor (CZK-R),7,2,1,11,9,0,1,0
H Thaker (CAN),1,1,0,11,9,0,0,1
TCW Veillard (GUE),4,2,1,11,17,0,0,0
RM West (IRE),5,4,1,11,11,0,1,0
Yasir Shah (PAK),2,1,1,11,7,0,1,0
Zeshan Arif (Aut),4,1,1,11,8,0,2,0
Aftab Ahmed (2) (DEN),1,1,0,10,13,0,1,0
R Avery (),4,3,0,10,24,1,0,0
CS Baugh (WI),3,3,0,10,12,0,1,0
FH Edwards (WI),20,4,2,10,9,1,1,0
N Pradeep (SL),14,6,5,10,15,1,1,0
S Hallett (Peru),4,4,0,10,16,1,1,0
MJ Henry (NZ),6,2,1,10,5,0,2,0
S Jyoti (CAN),2,2,1,10,20,1,0,0
G Kaltongga (VAN),3,2,0,10,12,1,1,0
RWT Key (ENG),1,1,1,10,8,0,0,0
ZE Matsinhe (Moz),7,4,1,10,17,1,0,1
Mohammad Ghazanfar (HKG),5,2,1,10,10,0,1,0
S Nerandzic (Serb),2,2,0,10,33,0,1,0
M Ntini (SA),10,4,2,10,11,1,2,0
PP Ojha (INDIA),6,1,1,10,6,0,0,1
BA Parchment (WI),1,1,0,10,6,0,1,1
SL Perera (Ghana),2,2,0,10,23,0,0,0
P Raho (PNG),2,2,2,10,6,0,0,1
SHA Rance (NZ),8,3,0,10,21,0,0,0
A Rangaswamy (Botsw),4,3,0,10,13,1,0,1
D Ravu (PNG),17,4,1,10,9,1,1,0
GA Reynold (Blz),3,2,1,10,10,0,0,1
ACL Richards (WI),1,1,0,10,15,0,1,0
ZE Surkari (CAN),4,3,0,10,33,1,0,0
SR Tendulkar (INDIA),1,1,0,10,12,0,2,0
MA Wood (ENG),5,2,2,10,12,0,1,0
Zahoor Khan (UAE),18,5,2,10,19,0,1,0
Zakir Hasan (BDESH),1,1,0,10,9,0,1,0
Abdul Rashid (Belg),1,1,0,9,24,0,0,0
Afsar Zazai (AFG),1,1,0,9,21,0,0,0
Anam Mollik (ITA),2,1,0,9,10,0,1,0
P Arora (Mex),2,2,1,9,4,0,0,1
HH Banner (Blz),3,2,1,9,10,0,0,1
JJ Celestine (BMUDA),3,3,0,9,17,1,0,0
FRJ Coleman (SCOT),1,1,0,9,13,0,1,0
BM Duckett (ENG),1,1,0,9,7,0,1,0
Elias Sunny (BDESH),7,4,2,9,9,0,1,0
H Hiri (PNG),5,4,0,9,15,0,0,0
Iqbal Hussain (QAT),15,5,3,9,10,1,1,0
NA Janes (THAI),2,2,0,9,11,1,1,0
Kaleemullah (OMAN),6,2,0,9,7,1,0,1
JS Kundi (KENYA),6,4,0,9,22,1,1,0
R McLaren (SA),12,4,3,9,13,0,0,0
Mohammad Asif (PAK),11,3,3,9,3,0,2,0
Muhammad Asjed (ESP),2,1,0,9,9,0,1,0
Muhammad Wafiq (MAL),4,3,1,9,12,1,1,0
JS Patel (NZ),11,4,1,9,14,1,1,0
WKD Perkins (WI),1,1,0,9,11,0,1,0
VRCF Poubel (),3,3,2,9,15,0,0,0
A Poulose (OMAN),3,3,0,9,14,2,2,0
KW Richardson (AUS),15,2,0,9,8,1,0,0
IH Romaine (BMUDA),2,2,0,9,20,0,0,0
Sakib Hasan (Serb),2,2,0,9,7,0,1,0
MM Sarwar (KUW),5,3,1,9,9,1,0,1
RAJ Smith (SCOT),2,1,1,9,7,0,1,0
B Stanlake (AUS),19,2,1,9,12,0,0,1
Syazrul Idrus (MAL),2,1,1,9,8,0,1,0
Usman Ali (Saudi),5,2,1,9,14,0,1,0
T Wangchuk jnr (BHU),2,2,0,9,17,1,2,0
S Waqas Ahmed (NOR),5,3,1,9,20,1,0,0
Abbas Saad (Saudi),2,2,0,8,8,1,1,0
S Appu (MALTA),4,4,1,8,14,0,0,0
B Banerjee (Mex),6,4,2,8,18,2,0,0
AM Blignaut (ZIM),1,1,0,8,8,0,1,0
GH Bodi (SA),1,1,0,8,25,0,0,0
JJ Bumrah (INDIA),42,6,4,8,13,1,1,0
Charanjeet Singh (ITA),3,2,2,8,9,0,1,0
H Dandapani (Fin),5,3,2,8,15,0,0,0
AS Dean (CAN),2,2,0,8,10,0,0,0
B Fernando (SL),2,1,1,8,12,0,1,0
JD Freyone (GIBR),4,4,0,8,29,2,0,0
Hamza Dar (ESP),1,1,0,8,6,0,1,0
HMRKB Herath (SL),17,6,3,8,12,0,0,0
E Isaneez (UGA),3,2,2,8,13,0,0,0
S Randiv (SL),7,2,0,8,6,0,1,0
N Khanna (MALTA),2,2,0,8,12,0,1,0
Khushdil Shah (PAK),1,1,0,8,11,0,0,0
Kuldeep Singh (PHI),4,3,0,8,16,0,0,0
NCK Liyanage (MAL),6,3,1,8,8,1,1,0
BAW Mendis (SL),39,8,5,8,17,0,1,0
M Mooketsi (Botsw),7,5,0,8,24,1,0,0
Mujeeb Ur Rahman (AFG),16,3,3,8,8,0,1,0
WA Peatfield (GUE),8,2,1,8,12,0,1,0
CAK Rajitha (SL),10,4,2,8,23,1,0,0
Shahadat Hossain (BDESH),6,5,3,8,12,1,0,0
I Sharma (INDIA),14,3,2,8,9,1,1,0
Simranjit Singh (ITA),1,1,0,8,9,0,0,0
O Thomas (WI),10,4,2,8,11,2,2,0
R Vishwanath (LUX),2,2,0,8,10,0,1,0
BV Vitori (ZIM),11,2,2,8,7,0,0,0
Yasar Idrees (KUW),1,1,0,8,4,0,0,1
Al-Amin Hossain (BDESH),28,6,4,7,12,1,1,0
RP Arnold (SL),1,1,0,7,7,0,0,0
Aslam Mohammad (),3,1,0,7,8,0,1,0
PRP Boissevain (NL),4,2,1,7,7,1,1,0
NB Budayair (NEPAL),4,3,1,7,19,1,0,0
MA Carberry (ENG),1,1,0,7,7,0,1,0
PKD Chase (IRE),12,5,4,7,13,0,1,0
DK Dahyabhai Ahir (PNM),2,1,0,7,10,0,1,0
P Danci (ROM),2,2,1,7,11,0,1,0
DC Delany (IRE),8,2,0,7,6,1,0,0
P Kumar (INDIA),10,3,0,7,16,1,0,0
Kushal Malla (NEPAL),3,2,0,7,15,0,1,0
RAS Lakmal (SL),11,6,3,7,11,2,1,0
ND McKenzie (SA),2,1,1,7,8,0,0,0
S Mahmood (ENG),3,2,1,7,7,0,1,0
A Nao (PNG),2,2,2,7,4,0,1,0
Naveen-ul-Haq (AFG),4,2,1,7,7,0,1,0
J Nyumbu (ZIM),2,2,2,7,11,0,1,0
Qadeer Ahmed (UAE),10,4,3,7,12,1,1,0
LH Rodrigues (),4,3,2,7,12,1,1,0
GA Rogers (SCOT),2,2,2,7,8,0,0,0
E Schiferli (NL),7,3,1,7,16,1,0,0
JN Snape (ENG),1,1,0,7,11,0,0,0
Suhail Sadiq (LUX),2,1,1,7,5,0,0,1
Sumair Khan (MALTA),1,1,0,7,6,0,1,0
Syed Rasel (BDESH),8,3,1,7,9,0,1,0
Tanveer Ahmed (HKG),5,2,1,7,11,1,1,0
LV van Beek (NL),8,4,1,7,15,0,0,0
Adnan Mufti (UAE),1,1,1,6,7,0,0,0
U Aryaman Sunil (SGP),2,1,0,6,4,0,0,1
TS Braat (NL),3,2,0,6,7,0,1,0
DG Brownlie (NZ),5,5,0,6,18,3,1,0
DE Burgess (Samoa),4,4,0,6,12,2,0,0
SDJJ Dima (Moz),4,2,0,6,8,0,0,0
RMS Eranga (SL),3,1,0,6,7,0,1,0
L Evile (Samoa),4,1,0,6,7,0,1,0
NM Hauritz (AUS),3,2,0,6,10,0,1,0
R Hekure (PNG),8,4,1,6,12,0,0,0
PJ Hughes (AUS),1,1,0,6,8,0,1,0
Javed Ahmadi (AFG),3,2,0,6,7,1,1,0
Jay Odedra (OMAN),3,1,1,6,6,0,0,0
D Maisuria (Botsw),6,3,2,6,11,1,0,0
I Master (Botsw),2,2,0,6,8,0,1,0
Z McLaughlin (Caym),3,2,2,6,16,0,0,0
KO Meth (ZIM),2,1,1,6,6,0,0,0
J Mulder (IRE),8,4,2,6,11,1,0,0
GBW Munaweera (QAT),5,1,1,6,7,0,0,0
L Ngidi (SA),7,2,1,6,9,0,0,0
Omar Hayat (DEN),2,2,0,6,4,0,0,0
JA Rudolph (SA),1,1,1,6,7,0,0,0
Shoaib Ali (Saudi),5,2,0,6,10,1,0,0
OF Smith (WI),2,1,0,6,5,0,1,0
R Strydom (IRE),4,2,1,6,7,0,0,0
HER Tyler (PHI),2,1,0,6,9,0,0,0
TC Vine (ESP),6,1,1,6,7,0,1,0
CA Young (IRE),26,7,5,6,11,0,0,0
SA Abbott (AUS),4,1,0,5,8,0,1,0
M Ansari (OMAN),11,4,4,5,10,0,0,0
Anwar Rahman (MAL),9,4,1,5,8,1,0,0
Arslan Ahmed (),3,1,0,5,13,0,0,0
MS Atapattu (SL),2,1,0,5,8,0,0,0
Atif Mehmood (ESP),9,2,2,5,8,0,0,0
MA Baig (MWI),7,4,0,5,12,3,1,0
A Bhagwat (HKG),4,4,0,5,16,1,0,0
A Bohara (NEPAL),17,5,2,5,12,2,0,0
IG Butler (NZ),19,6,5,5,10,0,0,0
T Caruana (GIBR),2,1,0,5,13,0,0,0
Hasheem Shahzad (MALTA),2,2,0,5,9,1,1,0
Imran Ali (KUW),4,2,1,5,6,1,0,0
Junaid Siddique (UAE),8,4,1,5,17,1,0,0
I Katzarski (),3,2,0,5,12,0,0,0
D Kegasitswe (Botsw),4,2,2,5,11,0,0,0
TCR Kimber (GUE),3,3,0,5,13,0,0,0
A Krishna (SGP),4,2,1,5,3,0,1,0
AM McCarthy (WI),1,1,0,5,8,0,0,0
GD McGrath (AUS),2,1,0,5,12,0,0,0
CS Martin (NZ),6,1,1,5,6,0,0,0
Mohammad Hasnain (PAK),4,3,2,5,12,0,1,0
Mohammad Salman (PAK),1,1,0,5,6,0,0,0
A Morris (Caym),6,4,2,5,17,1,0,0
GRD Munasinghe (ITA),8,4,1,5,13,2,1,0
T Mupariwa (ZIM),4,2,2,5,3,0,0,0
N M'shangwe (ZIM),5,2,1,5,4,1,1,0
A Nanda (LUX),3,1,0,5,5,0,1,0
GM Ntambalika (MWI),3,1,0,5,11,0,0,0
Parvez Rasool (INDIA),1,1,0,5,6,0,0,0
NK Patel (USA),4,2,1,5,10,1,0,0
D Paterson (SA),8,2,1,5,2,0,1,0
JL Pattinson (AUS),4,2,2,5,3,0,1,0
JE Pitcher (BMUDA),3,1,1,5,4,0,0,0
AG Prince (SA),1,1,0,5,6,0,0,0
K Rabada (SA),21,4,2,5,12,2,0,0
RJ Ranpura (OMAN),3,2,2,5,8,0,0,0
BM Scholtz (NAM),14,4,3,5,10,1,0,0
RJ Sidebottom (ENG),18,1,1,5,4,0,1,0
M Spry (Peru),4,2,1,5,11,0,0,0
R Telemachus (SA),3,1,1,5,3,0,0,0
BM Tickner (NZ),3,1,1,5,6,0,0,0
DR Tuffey (NZ),3,2,1,5,5,1,1,0
C Vorster (GUE),1,1,0,5,8,0,0,0
TD Astle (NZ),3,2,0,4,10,0,0,0
Baljit Singh (ITA),8,3,0,4,16,1,0,0
GJ Batty (ENG),1,1,0,4,7,0,0,0
P Bharat Patel (PNM),2,1,1,4,7,0,0,0
SR Bhudia (KENYA),4,3,1,4,16,1,0,0
JAR Blain (SCOT),6,3,1,4,5,1,0,0
CJ Boyce (AUS),7,2,1,4,7,0,0,0
PR Brown (ENG),4,1,1,4,9,0,0,0
NM Carter (SCOT),7,2,0,4,12,0,0,0
YS Chahal (INDIA),36,3,2,4,9,0,0,0
PC Connell (IRE),9,3,2,4,7,1,0,0
PA Desai (CAN),1,1,1,4,7,0,0,0
AB Dursak (TKY),4,4,0,4,24,2,0,0
C Emmott (Chile),2,2,0,4,11,1,0,0
Farhan Ahmed (UAE),3,1,0,4,8,0,0,0
K Gore (USA),4,1,1,4,3,0,0,0
Ibrahim Rizan (Mald),5,3,1,4,14,0,0,0
Imran Haider (UAE),11,2,2,4,8,0,0,0
H Ivanov (),3,1,0,4,6,0,0,0
A Karn (NEPAL),2,1,0,4,7,0,0,0
MF Koc (TKY),2,2,1,4,15,1,0,0
CBRLS Kumara (SL),3,1,0,4,2,0,1,0
CK Langeveldt (SA),9,3,2,4,8,0,0,0
NM Lyon (AUS),2,1,1,4,4,0,0,0
RT Lyons (SCOT),2,2,0,4,17,1,0,0
GE Mathurin (WI),3,2,2,4,5,0,0,0
Mohammad Irfan (PAK),22,4,4,4,8,0,0,0
Mohammad Tauqir (UAE),3,2,1,4,6,0,1,0
Muhammad Khurram (MWI),5,3,0,4,20,1,0,0
Muhammad Rafique (BAH),2,1,0,4,5,0,0,0
JM Muirhead (AUS),5,2,1,4,8,0,0,0
Nazmus Sadat (BDESH),1,1,0,4,3,0,0,0
JO Ngoche (KENYA),7,3,1,4,17,0,0,0
Pavandeep Singh (MAL),10,4,3,4,7,0,0,0
Qasim Zia (BAH),3,1,1,4,1,0,1,0
NJ Reardon (AUS),2,1,0,4,8,0,0,0
CB Sole (SCOT),4,1,1,4,2,0,1,0
CR Suryawanshi (SGP),3,2,0,4,6,1,0,0
K Suttisan (THAI),2,2,0,4,5,1,1,0
SP Terry (IRE),1,1,0,4,6,0,0,0
T Thushara (SL),6,2,0,4,8,0,0,0
T Tshose (Botsw),2,2,2,4,6,0,0,0
T Ulutuna (TKY),3,3,0,4,9,2,1,0
S Vashisht (ROM),3,1,0,4,6,0,1,0
Abu Jayed (BDESH),3,2,0,3,7,0,0,0
GJ Agius (MALTA),2,2,0,3,15,1,0,0
Amir Hayat (UAE),4,2,0,3,6,1,0,0
Amjad Mahboob (SGP),11,5,1,3,14,2,0,0
A Aspiotis (),3,1,1,3,4,0,0,0
MC Bascombe (WI),1,1,0,3,7,0,0,0
P Bhart (NOR),5,3,2,3,17,1,0,0
S Byrne (MALTA),2,2,0,3,9,1,0,0
CL Cairns (NZ),2,2,0,3,13,0,0,0
D de la Puente (Peru),2,2,1,3,7,0,0,0
ST de Silva (SL),3,2,0,3,7,1,0,0
Fahad Ali (),3,3,0,3,14,1,0,0
Fawad Ahmed (AUS),2,1,1,3,5,0,0,0
Fida Hussain (ITA),2,1,1,3,4,0,0,0
WT Gavera (PNG),6,2,0,3,6,0,0,0
JOA Gordon (CAN),7,2,2,3,6,0,0,0
AM Guruge (UAE),5,3,2,3,8,0,0,0
Ibrahim Nashath (Mald),3,2,1,3,5,1,0,0
Javed Maroofkhail (NOR),2,1,0,3,8,0,0,0
Junaid Khan (PAK),9,2,2,3,4,0,0,0
MS Kasprowicz (AUS),2,1,1,3,5,0,0,0
GJP Kruger (SA),1,1,0,3,5,0,0,0
Mahmad Data (PNM),2,1,0,3,5,0,0,0
Nazmul Hossain (BDESH),4,2,2,3,15,0,0,0
R Olipa (UGA),2,1,0,3,4,0,0,0
M Patel (PNM),2,1,1,3,6,0,0,0
LN Rajbanshi (NEPAL),12,2,1,3,7,0,0,0
KAJ Roach (WI),11,1,1,3,2,0,0,0
MM Sharma (INDIA),8,2,2,3,7,0,0,0
LA Simango (Moz),3,2,1,3,4,0,0,0
RP Singh (INDIA),10,2,2,3,3,0,0,0
MJ Swepson (AUS),1,1,1,3,4,0,0,0
Tauqeer Hussain (ESP),4,1,1,3,3,0,0,0
R Ulutuna (TKY),4,4,0,3,16,1,0,0
SMK Waththage (CZK-R),5,1,0,3,5,0,0,0
Zahid Hussain (CAN),3,2,2,3,8,0,0,0
Abdullah Mahmood (DEN),1,1,0,2,2,0,0,0
AG Achar (SGP),3,2,2,2,2,0,0,0
N Advani (GIBR),1,1,0,2,4,0,0,0
Aftab Alam (AFG),12,5,3,2,9,1,0,0
Areeb Quadir (Fin),2,1,0,2,12,0,0,0
Arshad Hayat (CZK-R),6,2,0,2,7,1,0,0
KMC Bandara (SL),1,1,1,2,4,0,0,0
Bashir Shah (DEN),4,2,2,2,2,0,0,0
A Bhattarai (NEPAL),1,1,0,2,3,0,0,0
JP Bray (IRE),2,2,0,2,17,1,0,0
GB Brent (ZIM),3,1,0,2,5,0,0,0
P Buccimazza (PORT),4,2,0,2,13,0,0,0
A Carthew (Chile),4,1,1,2,2,0,0,0
S Chophel (BHU),1,1,1,2,5,0,0,0
H Dajc (Serb),2,2,1,2,3,1,0,0
Dawlat Ahmadzai (AFG),2,1,1,2,3,0,0,0
MVT Fernando (SL),1,1,0,2,2,0,0,0
C Fry (LUX),3,1,0,2,6,0,0,0
BD Glover (NL),19,4,3,2,8,1,0,0
Jandu Hamoud (KUW),6,1,0,2,4,0,0,0
RJ Harris (AUS),3,1,1,2,1,0,0,0
BW Hilfenhaus (AUS),7,3,1,2,10,1,0,0
A Husain (Arg),5,1,1,2,1,0,0,0
Ilyas Ahmed (KUW),6,3,2,2,3,0,0,0
AJ Ireland (ZIM),1,1,1,2,3,0,0,0
S Kansoy (TKY),4,4,0,2,7,3,0,0
A Khan (ENG),1,1,0,2,4,0,0,0
RJ Kirtley (ENG),1,1,1,2,4,0,0,0
I Lisboa (Chile),1,1,0,2,3,0,0,0
J Long (PHI),2,1,1,2,6,0,0,0
T Lungameni (NAM),6,1,1,2,2,0,0,0
MJ Mason (NZ),3,1,0,2,2,0,0,0
Muslim Yar (GER),7,1,0,2,6,0,0,0
S Nadigotla (ROM),2,1,0,2,6,0,0,0
Najeeb Amar (HKG),1,1,0,2,9,0,0,0
W Nalisa (VAN),9,3,2,2,4,1,0,0
Nazwan Ismail (Mald),3,1,1,2,2,0,0,0
A Ndlovu (ZIM),3,1,0,2,4,0,0,0
K Nima (BHU),1,1,1,2,3,0,0,0
Noman Kamawi (Belg),1,1,0,2,7,0,0,0
L Nou (PNG),3,1,1,2,3,0,0,0
S Saeed (Mald),5,1,0,2,4,0,0,0
Saqlain Ali (Belg),2,1,0,2,6,0,0,0
Shoaib Gazi Hossain (Chile),4,1,0,2,5,0,0,0
Suhrid Roy (MALTA),1,1,1,2,3,0,0,0
A Tripathi (Mex),3,2,2,2,4,0,0,0
LL Tsotsobe (SA),23,3,2,2,10,0,0,0
Usman Shinwari (PAK),16,3,3,2,3,0,0,0
S Vijayakumar (SGP),9,2,0,2,5,0,0,0
R Vinay Kumar (INDIA),9,1,1,2,4,0,0,0
Waqar Khan (Peru),4,2,1,2,3,1,0,0
Waqas Raja (Fin),1,1,1,2,2,0,0,0
UWMBCA Welegedara (SL),2,1,1,2,3,0,0,0
BTJ Wheal (SCOT),5,2,2,2,2,0,0,0
UT Yadav (INDIA),7,1,0,2,4,0,0,0
Zaheer Maqsood (UAE),3,1,0,2,5,0,0,0
Z Abbasi (Botsw),1,1,0,1,5,0,0,0
KK Ahmed (INDIA),14,1,1,1,1,0,0,0
J Allen (),2,2,1,1,4,1,0,0
HS Alta (TKY),4,4,1,1,10,3,0,0
JM Anderson (ENG),19,4,3,1,2,1,0,0
B Angeltti (Arg),3,1,0,1,4,0,0,0
V Ateak (Ghana),4,1,1,1,2,0,0,0
Awais Malik (QAT),11,4,0,1,4,3,0,0
Babar Ali (BAH),3,1,1,1,1,0,0,0
DE Bernard (WI),1,1,1,1,1,0,0,0
S Bhari (NEPAL),6,3,2,1,5,1,0,0
DE Bollinger (AUS),9,2,2,1,1,0,0,0
DR Brown (SCOT),2,1,0,1,5,0,0,0
N Buckle (GUE),3,1,1,1,1,0,0,0
DL Chahar (INDIA),10,2,2,1,1,0,0,0
R Dhawan (INDIA),1,1,1,1,2,0,0,0
Dhiman Ghosh (BDESH),1,1,0,1,2,0,0,0
HH Dippenaar (SA),1,1,0,1,5,0,0,0
B Dugic (Serb),2,1,0,1,4,0,0,0
GDR Eranga (CAN),9,1,0,1,1,0,0,0
AC Evans (SCOT),27,6,1,1,10,5,0,0
LH Ferguson (NZ),8,1,0,1,3,0,0,0
P Florin (ROM),4,2,1,1,1,1,0,0
MD Garratt (GIBR),4,2,1,1,5,0,0,0
A Gavde (Caym),1,1,0,1,6,0,0,0
O Goker (TKY),1,1,1,1,1,0,0,0
Hashmatullah Shahidi (AFG),1,1,1,1,1,0,0,0
GM Hyde (Blz),3,1,0,1,6,0,0,0
JS Jesani (KENYA),1,1,0,1,5,0,0,0
MBS Jonkman (NL),3,1,0,1,8,0,0,0
B Khumalo (Botsw),3,1,0,1,3,0,0,0
GE Kidd (IRE),1,1,1,1,1,0,0,0
VJ Kingma (NL),4,2,1,1,5,0,0,0
DS Kulkarni (INDIA),2,1,1,1,1,0,0,0
A Lagos (),1,1,1,1,4,0,0,0
J Lewis (ENG),2,2,1,1,4,0,0,0
J Louw (SA),2,1,1,1,1,0,0,0
R Mahajan (PHI),3,1,1,1,1,0,0,0
SI Mahmood (ENG),4,2,2,1,2,0,0,0
RD McCann (IRE),3,1,0,1,2,0,0,0
MR Montfort (CAN),1,1,1,1,1,0,0,0
Muhammed Shanil (UAE),1,1,1,1,3,0,0,0
M Muralitharan (SL),12,2,0,1,5,1,0,0
B Muzarabani (ZIM),6,3,2,1,5,1,0,0
M Nasim Baras (AFG),3,1,0,1,2,0,0,0
A Nathwani (Aut),5,1,1,1,1,0,0,0
R Neale (LUX),3,2,0,1,6,1,0,0
ML Nkala (ZIM),1,1,0,1,3,0,0,0
MS Panesar (ENG),1,1,0,1,2,0,0,0
SD Parry (ENG),5,1,0,1,1,0,0,0
MDK Perera (SL),3,2,0,1,6,1,0,0
DBL Powell (WI),5,1,1,1,1,0,0,0
EC Rainsford (ZIM),2,1,1,1,2,0,0,0
KB Ratilal (PNM),3,1,1,1,2,0,0,0
EB Ringera (KENYA),1,1,0,1,3,0,0,0
WJR Robertson (JER),6,2,2,1,2,0,0,0
BA Sambo (Moz),2,1,1,1,1,0,0,0
O Sam Arthur (CRC),3,2,1,1,1,0,0,0
Sandeep Sharma (INDIA),2,1,1,1,1,0,0,0
M Sarenac (Serb),2,1,0,1,2,0,0,0
Sayed Shirzad (AFG),4,1,0,1,2,0,0,0
ZK Shem (VAN),5,2,2,1,4,0,0,0
PM Siddle (AUS),2,1,1,1,1,0,0,0
KM Silva (),3,2,0,1,6,1,0,0
Sohail Khan (PAK),5,1,1,1,1,0,0,0
Sohrawordi Shuvo (BDESH),1,1,1,1,3,0,0,0
AL Stephen (VAN),2,1,0,1,2,0,0,0
EP Thompson (NZ),1,1,1,1,1,0,0,0
RJW Topley (ENG),6,1,1,1,2,0,0,0
TE Tucker (BMUDA),1,1,0,1,5,0,0,0
T Turan (TKY),4,4,0,1,17,3,0,0
R van der Merwe (Arg),5,2,2,1,1,0,0,0
I Wardlaw (SCOT),4,1,0,1,3,0,0,0
Wasim Ali (OMAN),1,1,0,1,4,0,0,0
G Wijekoon (SL),3,2,1,1,5,1,0,0
JD Wildermuth (AUS),2,1,1,1,1,0,0,0
Yamin Ahmadzai (AFG),2,1,1,1,1,0,0,0
Zaki Ul Hassan (Belg),3,1,0,1,2,0,0,0
Zeeshan Abbas (BAH),1,1,0,1,4,0,0,0
Abdul Shakoor (ROM),2,1,0,0,3,1,0,0
AS Abioye (NGA),5,1,1,0,0,0,0,0
Aizaz Cheema (PAK),5,1,1,0,3,0,0,0
C Akyuz (TKY),2,2,0,0,3,2,0,0
Ali Naqi (PORT),4,1,1,0,0,0,0,0
MA Aponso (SL),3,1,0,0,2,1,0,0
S Arachchige (ITA),4,1,0,0,2,1,0,0
Ashiqullah Said (Belg),3,1,0,0,1,1,0,0
SK Atai (PNG),2,1,0,0,1,1,0,0
MS Aulakh (CAN),3,1,0,0,2,1,0,0
CT Bancroft (AUS),1,1,1,0,0,0,0,0
M Bhanuka (SL),2,1,0,0,1,1,0,0
IDR Bradshaw (WI),1,1,1,0,0,0,0,0
DR Briggs (ENG),7,1,1,0,0,0,0,0
AF Buurman (NL),4,2,0,0,4,2,0,0
PP Chawla (INDIA),7,1,0,0,1,1,0,0
DO Christian (WI),2,1,0,0,2,1,0,0
I Civric (Serb),1,1,0,0,1,1,0,0
S Dalton (CZK-R),3,1,0,0,1,1,0,0
N Dipakkumar Patel (PNM),3,1,0,0,0,1,0,0
JN Dorji (BHU),1,1,0,0,0,1,0,0
Ehsan Nawaz (HKG),5,1,0,0,2,1,0,0
M Faheem (THAI),4,1,0,0,2,1,0,0
Fakhrul Mohon (PORT),4,1,0,0,0,1,0,0
Fiaz Ahmad (KUW),3,1,1,0,0,0,0,0
GC Galanis (),2,1,0,0,1,1,0,0
Gershon Yusuf (NGA),1,1,0,0,1,1,0,0
L Gharasim (ROM),2,1,0,0,1,1,0,0
M Goonetilleke (MALTA),1,1,0,0,1,1,0,0
SM Harwood (AUS),3,1,1,0,0,0,0,0
T Henderson (SA),1,1,0,0,2,1,0,0
KC Hodsoll (BMUDA),1,1,0,0,1,1,0,0
Imran Khan (1) (PAK),3,1,0,0,1,1,0,0
P Kerai (KENYA),6,1,0,0,1,1,0,0
S Keshvani (CAN),2,1,1,0,1,0,0,0
RN Lewis (WI),1,1,0,0,4,1,0,0
CA Liyanage (Mald),2,2,1,0,1,1,0,0
K Loday (BHU),1,1,1,0,1,0,0,0
AJ McKay (NZ),2,1,0,0,1,1,0,0
GI Maiden (SCOT),3,1,0,0,1,1,0,0
OM Marshall (Peru),3,1,0,0,3,1,0,0
M Meade (Chile),1,1,0,0,2,1,0,0
A Mehmood (HKG),2,1,1,0,1,0,0,0
Michael Nazir (MALTA),1,1,0,0,2,1,0,0
TS Mills (ENG/ICC),5,1,0,0,2,1,0,0
A Mishra (INDIA),10,1,0,0,0,1,0,0
Mohameed Taiwo (NGA),2,1,1,0,0,0,0,0
Mohammad Kashif (NL),3,1,1,0,0,0,0,0
Mohammad Qazi (CAN),1,1,0,0,1,1,0,0
Mohammed Nadeem (QAT),15,2,2,0,1,0,0,0
HJC Mol (NL),4,1,0,0,1,1,0,0
JK Mukhiya (NEPAL),4,1,1,0,0,0,0,0
Musa Shaheen (DEN),1,1,0,0,3,1,0,0
T Muzarabani (ZIM),9,1,1,0,2,0,0,0
Naveed Ahmed (CZK-R),7,1,0,0,1,1,0,0
Nawaf Ahmed (KUW),1,1,1,0,0,0,0,0
A Nel (SA),2,1,1,0,2,0,0,0
AA Noffke (AUS),2,1,0,0,0,1,0,0
Noor Momand (Belg),2,1,1,0,0,0,0,0
L Nussbaumer (GUE),1,1,0,0,1,1,0,0
A Orfila (GIBR),1,1,0,0,2,1,0,0
MM Patel (INDIA),3,1,0,0,1,1,0,0
PDRL Perera (SL),2,2,2,0,0,0,0,0
T Phaswana (Botsw),1,1,0,0,3,1,0,0
Rahman Ademi (Serb),2,1,1,0,4,0,0,0
DM Richards (WI),1,1,0,0,1,1,0,0
R Rivas (Chile),3,1,0,0,1,1,0,0
Rumman Raees (PAK),8,1,1,0,0,0,0,0
NA Saini (INDIA),5,1,1,0,1,0,0,0
Sajid Liaqat (GER),2,1,1,0,0,0,0,0
K Santokie (WI),12,1,1,0,0,0,0,0
I Sawmy (DEN),2,2,1,0,2,1,0,0
Shaheen Shah Afridi (PAK),10,1,1,0,2,0,0,0
A Shahzad (ENG),3,1,1,0,3,0,0,0
Shakeel Ansar (PAK),2,1,0,0,1,1,0,0
T Shamsi (SA),16,3,2,0,5,1,0,0
B Shikongo (NAM),11,1,0,0,1,1,0,0
BA Simango (Moz),2,1,0,0,2,1,0,0
M Simmons (BMUDA),2,1,0,0,2,1,0,0
M Simpson-Parker (Aut),3,1,0,0,2,1,0,0
MS Sinclair (NZ),2,2,0,0,5,2,0,0
S Singh (PORT),1,1,0,0,9,1,0,0
L Sipamla (SA),5,1,0,0,1,1,0,0
S Soosiyakumar (),1,1,0,0,2,1,0,0
ES Soto (CRC),1,1,0,0,2,1,0,0
L Sreekumar (UAE),1,1,0,0,1,1,0,0
H Ssenyondo (UGA),4,1,1,0,0,0,0,0
Taijul Islam (BDESH),2,1,1,0,1,0,0,0
Ziaur Rehman (Fin),1,1,0,0,4,1,0,0
M Zondeki (SA),1,1,0,0,1,1,0,0
Zulqarnain Haider (ESP),5,1,0,0,0,1,0,0
YA Abdulla (SA),2,-,-,-,-,-,-,-
Abdur Rauf (PAK),1,-,-,-,-,-,-,-
RA Abolarin (NGA),1,-,-,-,-,-,-,-
F Achelam (UGA),1,-,-,-,-,-,-,-
GW Aldridge (NZ),1,-,-,-,-,-,-,-
TR Ambrose (ENG),1,-,-,-,-,-,-,-
A Anemogiannis (),1,-,-,-,-,-,-,-
S Aravind (INDIA),1,-,-,-,-,-,-,-
JC Archer (ENG),1,-,-,-,-,-,-,-
Arsalan Qadir (CAN),1,-,-,-,-,-,-,-
Asad Ali (PAK),2,-,-,-,-,-,-,-
Atif Ali Khan (UAE),1,-,-,-,-,-,-,-
P Awana (INDIA),2,-,-,-,-,-,-,-
LS Baker (WI),3,-,-,-,-,-,-,-
L Balaji (INDIA),5,-,-,-,-,-,-,-
JT Ball (ENG),2,-,-,-,-,-,-,-
S Bantzas (),1,-,-,-,-,-,-,-
TC Bastiampillai (CAN),2,-,-,-,-,-,-,-
MD Bates (NZ),3,-,-,-,-,-,-,-
D Bau (PNG),1,-,-,-,-,-,-,-
JP Behrendorff (AUS),7,-,-,-,-,-,-,-
CC Blake (VAN),3,-,-,-,-,-,-,-
N Boje (SA),1,-,-,-,-,-,-,-
SM Boland (AUS),3,-,-,-,-,-,-,-
CG Burnett (SCOT),1,-,-,-,-,-,-,-
DK Butler (WI),1,-,-,-,-,-,-,-
RD Chahar (INDIA),1,-,-,-,-,-,-,-
N Chejay (BHU),1,-,-,-,-,-,-,-
C Chete (MWI),2,-,-,-,-,-,-,-
SR Clark (AUS),9,-,-,-,-,-,-,-
MS Crane (ENG),2,-,-,-,-,-,-,-
D Daesrath (CAN),1,-,-,-,-,-,-,-
M de Lange (SA),6,-,-,-,-,-,-,-
SI de Saram (SL),1,-,-,-,-,-,-,-
BJ Diamanti (NZ),1,-,-,-,-,-,-,-
V Dikov (),3,-,-,-,-,-,-,-
K Dorji (BHU),2,-,-,-,-,-,-,-
PS Eaglestone (IRE),1,-,-,-,-,-,-,-
BT Foakes (ENG),1,-,-,-,-,-,-,-
BC Fortuin (SA),2,-,-,-,-,-,-,-
O Fournier (CRC),2,-,-,-,-,-,-,-
R Frylinck (SA),3,-,-,-,-,-,-,-
ST Gabriel (WI),2,-,-,-,-,-,-,-
Garret Banner (Blz),1,-,-,-,-,-,-,-
B Geeves (AUS),1,-,-,-,-,-,-,-
S Goud (CZK-R),1,-,-,-,-,-,-,-
D Gough (ENG),2,-,-,-,-,-,-,-
HF Gurney (ENG),2,-,-,-,-,-,-,-
Hamza Tahir (SCOT),11,-,-,-,-,-,-,-
SJ Harmison (ENG),2,-,-,-,-,-,-,-
RJ Hatchman (GIBR),1,-,-,-,-,-,-,-
JR Hazlewood (AUS),7,-,-,-,-,-,-,-
J Hurley (Arg),3,-,-,-,-,-,-,-
Ibrahim Khan (Saudi),1,-,-,-,-,-,-,-
Iftikhar Anjum (PAK),2,-,-,-,-,-,-,-
Imran Ashraf (QAT),3,-,-,-,-,-,-,-
D Jakiel (ZIM),2,-,-,-,-,-,-,-
Joginder Sharma (INDIA),4,-,-,-,-,-,-,-
GJ Joseph (Blz),1,-,-,-,-,-,-,-
Jubair Hossain (BDESH),1,-,-,-,-,-,-,-
TP Kamungozi (ZIM),1,-,-,-,-,-,-,-
M Kartik (INDIA),1,-,-,-,-,-,-,-
S Kaul (INDIA),3,-,-,-,-,-,-,-
UKPW Kumaranayaka (KUW),3,-,-,-,-,-,-,-
B Laughlin (AUS),3,-,-,-,-,-,-,-
E Leie (SA),2,-,-,-,-,-,-,-
RDM Leverock (BMUDA),2,-,-,-,-,-,-,-
ML Lewis (AUS),2,-,-,-,-,-,-,-
DSK Madushanka (SL),2,-,-,-,-,-,-,-
GT Main (SCOT),4,-,-,-,-,-,-,-
Mansoor Amjad (PAK),1,-,-,-,-,-,-,-
M Markande (INDIA),1,-,-,-,-,-,-,-
A Martin (WI),1,-,-,-,-,-,-,-
B Masaba (UGA),1,-,-,-,-,-,-,-
WT Mashinge (ZIM),2,-,-,-,-,-,-,-
GJ McCarter (IRE),3,-,-,-,-,-,-,-
SC Meaker (ENG),2,-,-,-,-,-,-,-
Mihusan Hamid (Mald),1,-,-,-,-,-,-,-
Mohammad Shahid (BDESH),1,-,-,-,-,-,-,-
Mohammed Shami (INDIA),8,-,-,-,-,-,-,-
Mohammed Siraj (INDIA),3,-,-,-,-,-,-,-
GMC Mol (NL),1,-,-,-,-,-,-,-
Muhammad Amir (MAL),1,-,-,-,-,-,-,-
Muhammad Musa (PAK),1,-,-,-,-,-,-,-
Mukhtiar Singh (ESP),2,-,-,-,-,-,-,-
Musawar Shah (QAT),2,-,-,-,-,-,-,-
M Mwamadi (MWI),3,-,-,-,-,-,-,-
M Nandela (Mex),2,-,-,-,-,-,-,-
Nasir Aziz (UAE),1,-,-,-,-,-,-,-
NH Naureen (ESP),1,-,-,-,-,-,-,-
Nawazish Jezuli (Saudi),1,-,-,-,-,-,-,-
P Negi (INDIA),1,-,-,-,-,-,-,-
A Neill (SCOT),5,-,-,-,-,-,-,-
R Ngarava (ZIM),1,-,-,-,-,-,-,-
G Nikitas (),2,-,-,-,-,-,-,-
F Nkhoma (MWI),4,-,-,-,-,-,-,-
A Nortje (SA),1,-,-,-,-,-,-,-
IE O'Brien (NZ),4,-,-,-,-,-,-,-
E Ochieng (KENYA),2,-,-,-,-,-,-,-
RJG Palmer (JER),2,-,-,-,-,-,-,-
MA Parker (SCOT),2,-,-,-,-,-,-,-
MW Parkinson (ENG),2,-,-,-,-,-,-,-
AY Patel (NZ),2,-,-,-,-,-,-,-
J Perman (ESP),2,-,-,-,-,-,-,-
V Permaul (WI),1,-,-,-,-,-,-,-
R Pisal (ROM),1,-,-,-,-,-,-,-
KTGD Prasad (SL),1,-,-,-,-,-,-,-
M Pushpakumara (SL),1,-,-,-,-,-,-,-
S Qeshile (SA),2,-,-,-,-,-,-,-
Raja Adeel (ESP),3,-,-,-,-,-,-,-
Rashid Khan (NEPAL),1,-,-,-,-,-,-,-
KA Reynolds (Blz),3,-,-,-,-,-,-,-
Robiul Islam (BDESH),1,-,-,-,-,-,-,-
Rokhan Barakzai (AFG),3,-,-,-,-,-,-,-
AK Sah (NEPAL),1,-,-,-,-,-,-,-
Sajedul Islam (BDESH),1,-,-,-,-,-,-,-
Saqlain Sajib (BDESH),1,-,-,-,-,-,-,-
JD Schoonheim (NL),1,-,-,-,-,-,-,-
K Senamontree (THAI),2,-,-,-,-,-,-,-
Shabbir Ahmed (PAK),1,-,-,-,-,-,-,-
Shaffeq Muhammad (),2,-,-,-,-,-,-,-
Sharif Asadullah (UAE),1,-,-,-,-,-,-,-
KV Sharma (INDIA),1,-,-,-,-,-,-,-
R Sharma (INDIA),2,-,-,-,-,-,-,-
NK Shetty (Mex),2,-,-,-,-,-,-,-
S Singh (PHI),4,-,-,-,-,-,-,-
Soheel Hussain (Belg),1,-,-,-,-,-,-,-
BB Sran (INDIA),2,-,-,-,-,-,-,-
H Srinivasan (GER),1,-,-,-,-,-,-,-
TJ Stephenson (Blz),1,-,-,-,-,-,-,-
P Syafiq Ali (MAL),2,-,-,-,-,-,-,-
Tanvir Ahmed (PAK),1,-,-,-,-,-,-,-
SN Thakur (INDIA),7,-,-,-,-,-,-,-
J Thinley (BHU),2,-,-,-,-,-,-,-
AC Thomas (SA),1,-,-,-,-,-,-,-
DC Thomas (WI),3,-,-,-,-,-,-,-
GC Tonge (WI),1,-,-,-,-,-,-,-
CT Tremlett (ENG),1,-,-,-,-,-,-,-
S Tyagi (INDIA),1,-,-,-,-,-,-,-
JD Unadkat (INDIA),10,-,-,-,-,-,-,-
MB van Schelven (NL),2,-,-,-,-,-,-,-
Vichanath Singh (THAI),4,-,-,-,-,-,-,-
DJ Vilas (SA),1,-,-,-,-,-,-,-
Vimal Kumar (PHI),2,-,-,-,-,-,-,-
Vishal Ahir (PNM),1,-,-,-,-,-,-,-
Waqas Maqsood (PAK),1,-,-,-,-,-,-,-
SR Welsh (CAN),1,-,-,-,-,-,-,-
SG Whittingham (SCOT),3,-,-,-,-,-,-,-
LJ Woodcock (NZ),3,-,-,-,-,-,-,-
Zamir Khan (AFG),1,-,-,-,-,-,-,-
S Zargar (Mex),1,-,-,-,-,-,-,-
Ziaur Rahman (AFG),1,-,-,-,-,-,-,-
